po_id,sku_id,supplier_id,warehouse_id,order_date,qty_ordered,qty_received,unit_cost,eta_date,status
PO000001,SKU00001,SUP008,WH02,2025-09-12,100,8,23.48,2025-11-18,已下单
PO000002,SKU00001,SUP008,WH02,2025-10-30,400,298,32.82,2025-12-24,在途
PO000003,SKU00001,SUP008,WH02,2025-12-05,500,122,31.99,2026-02-19,待发货
PO000004,SKU00002,SUP015,WH01,2024-07-24,600,600,27.69,2024-09-16,已完成
PO000005,SKU00002,SUP015,WH06,2024-08-20,400,400,32.02,2024-10-06,已完成
PO000006,SKU00002,SUP015,WH01,2024-09-26,1000,1000,33.15,2024-11-21,已完成
PO000007,SKU00002,SUP015,WH04,2024-10-21,600,600,26.0,2024-11-30,已完成
PO000008,SKU00002,SUP015,WH06,2024-12-08,600,600,35.68,2025-02-03,已完成
PO000009,SKU00002,SUP015,WH01,2025-01-05,500,500,30.25,2025-03-09,已完成
PO000010,SKU00002,SUP015,WH05,2025-03-01,1000,1000,23.51,2025-04-23,已完成
PO000011,SKU00002,SUP015,WH01,2025-03-28,900,119,35.78,2025-05-19,在途
PO000012,SKU00002,SUP015,WH02,2025-05-01,900,900,34.78,2025-06-10,已完成
PO000013,SKU00002,SUP015,WH06,2025-05-30,800,721,31.55,2025-07-31,部分到货
PO000014,SKU00002,SUP015,WH06,2025-07-11,800,75,28.04,2025-08-22,在途
PO000015,SKU00002,SUP015,WH03,2025-08-18,600,600,23.44,2025-09-22,已完成
PO000016,SKU00002,SUP015,WH06,2025-09-26,500,174,35.03,2025-11-21,在途
PO000017,SKU00002,SUP015,WH03,2025-11-10,700,126,21.83,2025-12-16,待发货
PO000018,SKU00003,SUP048,WH06,2025-10-20,150,85,14.78,2026-01-05,已下单
PO000019,SKU00003,SUP048,WH05,2025-12-09,350,68,24.83,2026-02-26,在途
PO000020,SKU00004,SUP003,WH03,2025-02-10,250,250,45.54,2025-03-28,已完成
PO000021,SKU00004,SUP003,WH02,2025-04-01,100,100,40.05,2025-05-20,已完成
PO000022,SKU00004,SUP003,WH02,2025-05-21,200,200,27.72,2025-06-29,已完成
PO000023,SKU00004,SUP003,WH02,2025-07-10,250,250,33.6,2025-08-31,已完成
PO000024,SKU00004,SUP003,WH06,2025-08-08,400,24,37.89,2025-10-12,在途
PO000025,SKU00004,SUP003,WH05,2025-09-13,500,105,41.81,2025-10-21,部分到货
PO000026,SKU00004,SUP003,WH06,2025-10-31,500,457,28.8,2025-12-21,待发货
PO000027,SKU00004,SUP003,WH01,2025-12-10,400,186,48.72,2026-02-07,已下单
PO000028,SKU00005,SUP015,WH01,2024-07-20,350,350,14.81,2024-09-29,已完成
PO000029,SKU00005,SUP015,WH04,2024-09-02,500,500,24.76,2024-11-23,已完成
PO000030,SKU00005,SUP015,WH05,2024-10-13,300,300,20.3,2025-01-12,已完成
PO000031,SKU00005,SUP015,WH04,2024-11-10,150,150,18.54,2025-01-24,已完成
PO000032,SKU00005,SUP015,WH04,2024-12-12,400,400,17.93,2025-03-05,已完成
PO000033,SKU00005,SUP015,WH04,2025-01-29,150,150,16.94,2025-04-21,已完成
PO000034,SKU00005,SUP015,WH01,2025-03-03,350,30,14.34,2025-05-13,在途
PO000035,SKU00005,SUP015,WH05,2025-04-10,150,150,14.05,2025-07-04,已完成
PO000036,SKU00005,SUP015,WH04,2025-06-04,500,500,17.41,2025-08-26,已完成
PO000037,SKU00005,SUP015,WH05,2025-07-20,400,118,14.55,2025-09-23,部分到货
PO000038,SKU00005,SUP015,WH04,2025-08-30,250,53,14.6,2025-11-09,已下单
PO000039,SKU00005,SUP015,WH03,2025-10-21,500,272,22.61,2026-01-14,在途
PO000040,SKU00005,SUP015,WH06,2025-12-12,500,393,16.43,2026-02-13,已下单
PO000041,SKU00006,SUP046,WH03,2024-06-24,3000,3000,13.46,2024-08-25,已完成
PO000042,SKU00006,SUP046,WH01,2024-08-15,2000,2000,15.02,2024-10-20,已完成
PO000043,SKU00006,SUP046,WH06,2024-09-29,1000,1000,19.48,2024-11-14,已完成
PO000044,SKU00006,SUP046,WH03,2024-11-05,4000,4000,15.2,2025-01-14,已完成
PO000045,SKU00006,SUP046,WH01,2024-12-09,3500,3500,15.18,2025-01-24,已完成
PO000046,SKU00006,SUP046,WH03,2025-01-27,1000,1000,18.48,2025-03-14,已完成
PO000047,SKU00006,SUP046,WH03,2025-03-06,4500,921,19.27,2025-05-14,在途
PO000048,SKU00006,SUP046,WH06,2025-04-11,4000,2578,18.98,2025-05-29,部分到货
PO000049,SKU00006,SUP046,WH04,2025-05-27,3000,3000,24.69,2025-07-09,已完成
PO000050,SKU00006,SUP046,WH02,2025-06-22,1000,728,22.16,2025-08-15,部分到货
PO000051,SKU00006,SUP046,WH04,2025-07-26,3500,2483,15.41,2025-09-12,在途
PO000052,SKU00006,SUP046,WH05,2025-09-01,5000,5000,22.96,2025-10-26,已完成
PO000053,SKU00006,SUP046,WH06,2025-10-21,3500,140,13.61,2025-12-05,待发货
PO000054,SKU00006,SUP046,WH04,2025-12-14,1500,817,21.53,2026-02-13,已下单
PO000055,SKU00007,SUP038,WH01,2025-03-06,600,600,31.34,2025-04-27,已完成
PO000056,SKU00007,SUP038,WH04,2025-04-05,1800,1800,29.55,2025-05-25,已完成
PO000057,SKU00007,SUP038,WH04,2025-05-07,1600,1600,29.93,2025-06-28,已完成
PO000058,SKU00007,SUP038,WH02,2025-06-24,1400,101,26.45,2025-08-04,部分到货
PO000059,SKU00007,SUP038,WH03,2025-08-04,2000,1382,29.18,2025-09-12,部分到货
PO000060,SKU00007,SUP038,WH02,2025-09-24,800,194,19.69,2025-11-05,在途
PO000061,SKU00007,SUP038,WH04,2025-10-23,600,264,25.43,2025-11-30,已下单
PO000062,SKU00007,SUP038,WH03,2025-12-05,1800,258,18.15,2026-01-21,已下单
PO000063,SKU00008,SUP045,WH05,2024-05-03,3000,3000,9.02,2024-07-07,已完成
PO000064,SKU00008,SUP045,WH04,2024-06-13,1500,1500,11.95,2024-08-19,已完成
PO000065,SKU00008,SUP045,WH01,2024-07-09,3500,3500,13.37,2024-09-13,已完成
PO000066,SKU00008,SUP045,WH04,2024-08-30,1500,1500,12.02,2024-11-18,已完成
PO000067,SKU00008,SUP045,WH05,2024-10-11,1000,1000,13.42,2024-12-26,已完成
PO000068,SKU00008,SUP045,WH02,2024-11-15,4500,4500,15.68,2025-02-03,已完成
PO000069,SKU00008,SUP045,WH06,2024-12-24,1500,1500,9.23,2025-03-03,已完成
PO000070,SKU00008,SUP045,WH02,2025-02-07,2000,2000,13.83,2025-03-29,已完成
PO000071,SKU00008,SUP045,WH03,2025-03-18,5000,5000,11.36,2025-06-07,已完成
PO000072,SKU00008,SUP045,WH06,2025-04-21,4000,2271,14.43,2025-07-04,部分到货
PO000073,SKU00008,SUP045,WH01,2025-06-05,3500,1855,11.46,2025-07-27,部分到货
PO000074,SKU00008,SUP045,WH05,2025-07-08,2000,1260,15.38,2025-09-15,在途
PO000075,SKU00008,SUP045,WH06,2025-08-11,4000,4000,15.53,2025-10-06,已完成
PO000076,SKU00008,SUP045,WH03,2025-09-14,5000,3862,13.56,2025-11-25,已下单
PO000077,SKU00008,SUP045,WH06,2025-11-04,5000,2011,11.28,2025-12-27,已下单
PO000078,SKU00008,SUP045,WH03,2025-12-10,3000,2700,12.2,2026-02-07,在途
PO000079,SKU00009,SUP010,WH03,2024-09-17,400,400,19.05,2024-11-08,已完成
PO000080,SKU00009,SUP010,WH01,2024-10-15,1000,1000,17.32,2025-01-04,已完成
PO000081,SKU00009,SUP010,WH02,2024-12-07,400,400,12.59,2025-02-17,已完成
PO000082,SKU00009,SUP010,WH01,2025-01-27,400,400,14.94,2025-04-13,已完成
PO000083,SKU00009,SUP010,WH06,2025-03-14,500,372,13.27,2025-05-29,部分到货
PO000084,SKU00009,SUP010,WH03,2025-04-15,600,600,17.47,2025-07-02,已完成
PO000085,SKU00009,SUP010,WH04,2025-05-28,900,429,15.01,2025-08-13,部分到货
PO000086,SKU00009,SUP010,WH01,2025-06-27,500,304,19.33,2025-08-22,部分到货
PO000087,SKU00009,SUP010,WH03,2025-08-08,300,23,12.57,2025-10-28,在途
PO000088,SKU00009,SUP010,WH01,2025-09-16,1000,899,13.15,2025-11-12,待发货
PO000089,SKU00009,SUP010,WH01,2025-10-25,700,263,14.59,2025-12-13,待发货
PO000090,SKU00009,SUP010,WH01,2025-12-01,300,90,11.99,2026-02-10,在途
PO000091,SKU00010,SUP006,WH02,2024-03-05,3500,3500,11.84,2024-04-16,已完成
PO000092,SKU00010,SUP006,WH06,2024-04-28,4500,4500,16.07,2024-06-08,已完成
PO000093,SKU00010,SUP006,WH01,2024-06-11,1000,1000,13.98,2024-07-19,已完成
PO000094,SKU00010,SUP006,WH04,2024-08-01,2000,2000,12.55,2024-10-06,已完成
PO000095,SKU00010,SUP006,WH01,2024-09-04,2500,2500,11.93,2024-10-26,已完成
PO000096,SKU00010,SUP006,WH01,2024-10-12,4500,4500,19.68,2024-11-18,已完成
PO000097,SKU00010,SUP006,WH06,2024-11-21,5000,5000,16.53,2024-12-25,已完成
PO000098,SKU00010,SUP006,WH04,2024-12-23,2000,2000,11.48,2025-02-12,已完成
PO000099,SKU00010,SUP006,WH02,2025-01-28,2500,2500,17.99,2025-03-28,已完成
PO000100,SKU00010,SUP006,WH01,2025-02-24,5000,5000,20.83,2025-04-21,已完成
PO000101,SKU00010,SUP006,WH04,2025-04-07,5000,5000,20.04,2025-06-11,已完成
PO000102,SKU00010,SUP006,WH06,2025-05-03,4000,61,19.21,2025-06-28,部分到货
PO000103,SKU00010,SUP006,WH02,2025-06-08,2500,105,16.83,2025-07-17,部分到货
PO000104,SKU00010,SUP006,WH04,2025-07-29,2000,2000,17.67,2025-09-29,已完成
PO000105,SKU00010,SUP006,WH04,2025-09-17,2000,2000,11.83,2025-10-24,已完成
PO000106,SKU00010,SUP006,WH03,2025-10-18,1000,886,16.53,2025-12-02,在途
PO000107,SKU00010,SUP006,WH01,2025-12-08,5000,3578,13.34,2026-02-09,待发货
PO000108,SKU00011,SUP023,WH03,2024-11-19,400,400,29.11,2025-01-08,已完成
PO000109,SKU00011,SUP023,WH06,2024-12-25,1600,1600,36.22,2025-02-17,已完成
PO000110,SKU00011,SUP023,WH02,2025-02-18,1600,1600,37.49,2025-04-09,已完成
PO000111,SKU00011,SUP023,WH01,2025-03-30,1400,967,28.09,2025-05-31,部分到货
PO000112,SKU00011,SUP023,WH01,2025-05-13,800,60,41.21,2025-06-29,部分到货
PO000113,SKU00011,SUP023,WH06,2025-06-16,1800,1800,36.32,2025-08-11,已完成
PO000114,SKU00011,SUP023,WH04,2025-07-25,400,400,32.5,2025-09-14,已完成
PO000115,SKU00011,SUP023,WH06,2025-09-13,400,400,35.47,2025-10-16,已完成
PO000116,SKU00011,SUP023,WH05,2025-10-24,800,515,36.19,2025-11-23,在途
PO000117,SKU00011,SUP023,WH03,2025-11-22,600,206,47.71,2026-01-05,已下单
PO000118,SKU00011,SUP023,WH03,2025-12-18,800,337,28.04,2026-02-13,待发货
PO000119,SKU00012,SUP035,WH06,2025-03-10,350,92,29.41,2025-05-25,部分到货
PO000120,SKU00012,SUP035,WH05,2025-04-04,200,22,26.84,2025-06-25,在途
PO000121,SKU00012,SUP035,WH06,2025-05-21,450,391,22.92,2025-07-24,部分到货
PO000122,SKU00012,SUP035,WH02,2025-06-18,200,170,22.28,2025-08-12,在途
PO000123,SKU00012,SUP035,WH01,2025-07-15,350,350,23.73,2025-09-26,已完成
PO000124,SKU00012,SUP035,WH06,2025-08-18,300,300,28.95,2025-10-18,已完成
PO000125,SKU00012,SUP035,WH02,2025-10-02,200,23,18.91,2025-12-15,已下单
PO000126,SKU00012,SUP035,WH03,2025-10-31,250,131,21.23,2026-01-21,在途
PO000127,SKU00012,SUP035,WH01,2025-12-20,500,31,21.63,2026-02-17,已下单
PO000128,SKU00013,SUP036,WH04,2024-02-07,1800,1800,21.6,2024-05-17,已完成
PO000129,SKU00013,SUP036,WH03,2024-03-29,600,600,20.18,2024-06-12,已完成
PO000130,SKU00013,SUP036,WH03,2024-05-07,1800,1800,14.45,2024-08-15,已完成
PO000131,SKU00013,SUP036,WH02,2024-06-27,2000,2000,17.84,2024-09-13,已完成
PO000132,SKU00013,SUP036,WH05,2024-08-20,400,400,14.72,2024-11-02,已完成
PO000133,SKU00013,SUP036,WH06,2024-09-19,800,800,15.53,2024-12-15,已完成
PO000134,SKU00013,SUP036,WH01,2024-11-13,2000,2000,15.81,2025-02-06,已完成
PO000135,SKU00013,SUP036,WH02,2024-12-28,2000,2000,19.99,2025-03-22,已完成
PO000136,SKU00013,SUP036,WH05,2025-02-10,2000,2000,20.17,2025-04-23,已完成
PO000137,SKU00013,SUP036,WH05,2025-03-25,800,31,22.65,2025-06-10,部分到货
PO000138,SKU00013,SUP036,WH05,2025-04-21,400,400,17.66,2025-07-13,已完成
PO000139,SKU00013,SUP036,WH05,2025-06-05,400,400,16.25,2025-09-11,已完成
PO000140,SKU00013,SUP036,WH06,2025-07-30,1200,462,18.08,2025-11-04,在途
PO000141,SKU00013,SUP036,WH04,2025-09-15,400,184,15.29,2025-12-01,待发货
PO000142,SKU00013,SUP036,WH03,2025-10-29,800,557,22.62,2026-01-24,已下单
PO000143,SKU00013,SUP036,WH05,2025-12-05,800,80,15.71,2026-03-05,已下单
PO000144,SKU00014,SUP024,WH01,2025-08-28,900,43,19.06,2025-10-13,在途
PO000145,SKU00014,SUP024,WH03,2025-10-19,800,709,17.04,2025-12-04,在途
PO000146,SKU00014,SUP024,WH04,2025-11-19,400,189,13.31,2026-01-20,已下单
PO000147,SKU00014,SUP024,WH04,2025-12-14,300,275,12.47,2026-02-08,已下单
PO000148,SKU00015,SUP043,WH04,2024-01-26,200,200,19.3,2024-03-29,已完成
PO000149,SKU00015,SUP043,WH05,2024-03-17,900,900,12.85,2024-05-19,已完成
PO000150,SKU00015,SUP043,WH03,2024-04-14,800,800,20.72,2024-06-06,已完成
PO000151,SKU00015,SUP043,WH01,2024-06-02,800,800,17.15,2024-08-09,已完成
PO000152,SKU00015,SUP043,WH03,2024-07-15,1000,1000,18.82,2024-09-10,已完成
PO000153,SKU00015,SUP043,WH04,2024-08-11,800,800,21.13,2024-10-27,已完成
PO000154,SKU00015,SUP043,WH01,2024-09-13,300,300,17.07,2024-11-05,已完成
PO000155,SKU00015,SUP043,WH02,2024-11-02,700,700,14.94,2025-01-09,已完成
PO000156,SKU00015,SUP043,WH01,2024-12-13,800,800,13.26,2025-02-28,已完成
PO000157,SKU00015,SUP043,WH05,2025-01-11,700,700,17.76,2025-03-27,已完成
PO000158,SKU00015,SUP043,WH03,2025-02-24,1000,1000,22.95,2025-04-18,已完成
PO000159,SKU00015,SUP043,WH05,2025-03-31,400,127,21.83,2025-06-09,部分到货
PO000160,SKU00015,SUP043,WH01,2025-05-12,900,314,20.14,2025-07-15,在途
PO000161,SKU00015,SUP043,WH03,2025-06-19,600,551,21.33,2025-08-04,在途
PO000162,SKU00015,SUP043,WH04,2025-08-07,500,500,14.63,2025-09-24,已完成
PO000163,SKU00015,SUP043,WH02,2025-09-21,800,23,23.14,2025-11-14,已下单
PO000164,SKU00015,SUP043,WH03,2025-10-19,500,198,17.28,2025-12-04,待发货
PO000165,SKU00015,SUP043,WH04,2025-11-19,800,663,20.82,2026-02-04,已下单
PO000166,SKU00015,SUP043,WH05,2025-12-15,400,123,20.01,2026-03-03,在途
PO000167,SKU00016,SUP015,WH04,2024-02-19,350,350,22.73,2024-04-21,已完成
PO000168,SKU00016,SUP015,WH06,2024-03-25,500,500,21.2,2024-06-06,已完成
PO000169,SKU00016,SUP015,WH02,2024-05-12,300,300,23.23,2024-08-01,已完成
PO000170,SKU00016,SUP015,WH02,2024-06-14,500,500,23.05,2024-08-23,已完成
PO000171,SKU00016,SUP015,WH06,2024-07-18,300,300,20.47,2024-09-20,已完成
PO000172,SKU00016,SUP015,WH05,2024-08-22,450,450,22.97,2024-11-03,已完成
PO000173,SKU00016,SUP015,WH01,2024-10-11,300,300,19.03,2024-12-19,已完成
PO000174,SKU00016,SUP015,WH03,2024-11-22,400,400,23.2,2025-02-06,已完成
PO000175,SKU00016,SUP015,WH01,2025-01-11,200,200,15.9,2025-03-21,已完成
PO000176,SKU00016,SUP015,WH06,2025-02-27,150,36,18.0,2025-05-11,在途
PO000177,SKU00016,SUP015,WH02,2025-03-30,500,51,20.86,2025-06-06,部分到货
PO000178,SKU00016,SUP015,WH06,2025-05-01,250,250,15.3,2025-06-24,已完成
PO000179,SKU00016,SUP015,WH01,2025-05-29,400,258,14.26,2025-08-09,在途
PO000180,SKU00016,SUP015,WH06,2025-07-23,500,444,22.36,2025-09-22,部分到货
PO000181,SKU00016,SUP015,WH03,2025-09-01,250,153,22.69,2025-11-09,待发货
PO000182,SKU00016,SUP015,WH04,2025-09-28,250,209,14.68,2025-11-20,在途
PO000183,SKU00016,SUP015,WH02,2025-11-21,100,88,23.28,2026-02-05,待发货
PO000184,SKU00017,SUP030,WH03,2024-09-12,400,400,23.31,2024-10-19,已完成
PO000185,SKU00017,SUP030,WH04,2024-10-10,1400,1400,28.97,2024-12-04,已完成
PO000186,SKU00017,SUP030,WH02,2024-11-21,2000,2000,27.11,2025-01-28,已完成
PO000187,SKU00017,SUP030,WH01,2024-12-30,1200,1200,20.12,2025-02-17,已完成
PO000188,SKU00017,SUP030,WH06,2025-02-16,1800,1800,18.18,2025-04-10,已完成
PO000189,SKU00017,SUP030,WH02,2025-04-05,1400,1400,23.89,2025-05-30,已完成
PO000190,SKU00017,SUP030,WH01,2025-05-20,1600,609,16.96,2025-07-23,部分到货
PO000191,SKU00017,SUP030,WH01,2025-06-18,1800,1800,19.18,2025-08-14,已完成
PO000192,SKU00017,SUP030,WH03,2025-07-20,1800,996,23.37,2025-09-12,部分到货
PO000193,SKU00017,SUP030,WH06,2025-08-22,1400,157,19.8,2025-10-13,在途
PO000194,SKU00017,SUP030,WH01,2025-09-28,2000,1213,28.32,2025-11-23,已下单
PO000195,SKU00017,SUP030,WH04,2025-11-03,1000,145,25.72,2025-12-24,在途
PO000196,SKU00017,SUP030,WH05,2025-12-17,1400,1214,25.85,2026-02-18,已下单
PO000197,SKU00018,SUP023,WH06,2024-12-04,500,500,34.59,2025-02-01,已完成
PO000198,SKU00018,SUP023,WH04,2025-01-25,300,300,30.51,2025-04-12,已完成
PO000199,SKU00018,SUP023,WH01,2025-03-02,300,300,35.92,2025-04-22,已完成
PO000200,SKU00018,SUP023,WH02,2025-04-24,1000,1000,26.91,2025-06-19,已完成
PO000201,SKU00018,SUP023,WH06,2025-06-04,900,900,31.5,2025-07-25,已完成
PO000202,SKU00018,SUP023,WH04,2025-07-01,1000,125,28.48,2025-09-11,在途
PO000203,SKU00018,SUP023,WH03,2025-08-13,200,200,34.02,2025-10-25,已完成
PO000204,SKU00018,SUP023,WH02,2025-09-19,600,329,21.82,2025-11-02,已下单
PO000205,SKU00018,SUP023,WH04,2025-10-25,300,9,28.36,2025-12-11,在途
PO000206,SKU00018,SUP023,WH04,2025-12-13,400,170,37.51,2026-02-21,待发货
PO000207,SKU00019,SUP044,WH03,2025-11-17,150,16,31.36,2026-01-29,已下单
PO000208,SKU00019,SUP044,WH02,2025-12-24,500,396,27.93,2026-03-07,已下单
PO000209,SKU00020,SUP011,WH04,2025-09-08,1000,782,11.99,2025-11-11,已下单
PO000210,SKU00020,SUP011,WH06,2025-10-14,400,290,10.17,2025-12-07,在途
PO000211,SKU00020,SUP011,WH02,2025-11-29,800,51,14.93,2026-01-06,在途
PO000212,SKU00021,SUP025,WH04,2025-03-10,400,400,28.07,2025-05-31,已完成
PO000213,SKU00021,SUP025,WH05,2025-04-21,1000,1000,37.76,2025-06-30,已完成
PO000214,SKU00021,SUP025,WH03,2025-05-23,1400,1400,35.71,2025-08-18,已完成
PO000215,SKU00021,SUP025,WH03,2025-07-08,2000,522,30.13,2025-09-27,部分到货
PO000216,SKU00021,SUP025,WH04,2025-08-20,800,35,26.42,2025-11-22,已下单
PO000217,SKU00021,SUP025,WH06,2025-10-04,1600,632,23.0,2026-01-12,待发货
PO000218,SKU00021,SUP025,WH02,2025-11-10,800,228,32.76,2026-02-15,在途
PO000219,SKU00021,SUP025,WH04,2025-12-30,1800,1654,30.14,2026-03-10,已下单
PO000220,SKU00022,SUP036,WH03,2025-11-03,500,307,27.08,2026-01-05,在途
PO000221,SKU00022,SUP036,WH06,2025-12-25,700,551,15.79,2026-02-15,已下单
PO000222,SKU00023,SUP015,WH02,2024-01-17,100,100,15.86,2024-03-08,已完成
PO000223,SKU00023,SUP015,WH04,2024-02-29,500,500,11.07,2024-04-29,已完成
PO000224,SKU00023,SUP015,WH01,2024-04-23,350,350,11.09,2024-06-28,已完成
PO000225,SKU00023,SUP015,WH02,2024-05-24,150,150,14.98,2024-08-09,已完成
PO000226,SKU00023,SUP015,WH02,2024-07-10,250,250,13.83,2024-09-20,已完成
PO000227,SKU00023,SUP015,WH04,2024-08-28,300,300,13.68,2024-11-07,已完成
PO000228,SKU00023,SUP015,WH03,2024-10-03,300,300,13.51,2024-12-05,已完成
PO000229,SKU00023,SUP015,WH06,2024-11-12,450,450,13.16,2025-01-04,已完成
PO000230,SKU00023,SUP015,WH03,2025-01-02,350,350,11.9,2025-03-03,已完成
PO000231,SKU00023,SUP015,WH01,2025-01-28,250,250,11.49,2025-03-25,已完成
PO000232,SKU00023,SUP015,WH02,2025-03-23,400,400,12.04,2025-05-27,已完成
PO000233,SKU00023,SUP015,WH03,2025-04-29,250,181,13.32,2025-07-16,部分到货
PO000234,SKU00023,SUP015,WH06,2025-06-16,450,450,15.78,2025-08-31,已完成
PO000235,SKU00023,SUP015,WH05,2025-07-16,200,188,17.09,2025-10-02,在途
PO000236,SKU00023,SUP015,WH01,2025-08-26,100,100,15.54,2025-10-16,已完成
PO000237,SKU00023,SUP015,WH06,2025-10-03,200,28,11.15,2025-12-03,在途
PO000238,SKU00023,SUP015,WH06,2025-11-11,350,221,14.35,2025-12-31,已下单
PO000239,SKU00023,SUP015,WH05,2025-12-21,450,235,9.48,2026-02-07,在途
PO000240,SKU00024,SUP018,WH01,2025-01-02,300,300,19.18,2025-03-01,已完成
PO000241,SKU00024,SUP018,WH01,2025-02-18,400,400,23.95,2025-04-10,已完成
PO000242,SKU00024,SUP018,WH05,2025-03-31,200,200,19.45,2025-05-25,已完成
PO000243,SKU00024,SUP018,WH01,2025-05-21,350,124,18.07,2025-07-17,在途
PO000244,SKU00024,SUP018,WH06,2025-07-03,250,196,14.33,2025-08-26,部分到货
PO000245,SKU00024,SUP018,WH04,2025-08-24,100,35,18.87,2025-10-08,部分到货
PO000246,SKU00024,SUP018,WH04,2025-10-08,100,80,20.81,2025-11-27,在途
PO000247,SKU00024,SUP018,WH02,2025-11-12,150,30,23.38,2026-01-24,在途
PO000248,SKU00025,SUP046,WH01,2025-06-26,1800,1800,28.18,2025-08-22,已完成
PO000249,SKU00025,SUP046,WH03,2025-07-29,2000,29,20.92,2025-09-09,在途
PO000250,SKU00025,SUP046,WH02,2025-08-27,1600,857,26.39,2025-10-10,部分到货
PO000251,SKU00025,SUP046,WH06,2025-10-18,1600,212,32.81,2025-12-18,待发货
PO000252,SKU00025,SUP046,WH03,2025-12-05,600,30,24.42,2026-02-15,已下单
PO000253,SKU00026,SUP032,WH01,2025-10-11,3500,2108,29.49,2025-12-31,待发货
PO000254,SKU00026,SUP032,WH05,2025-11-19,4500,4023,24.17,2026-01-28,待发货
PO000255,SKU00027,SUP017,WH05,2024-04-18,800,800,15.58,2024-06-04,已完成
PO000256,SKU00027,SUP017,WH03,2024-05-20,300,300,14.07,2024-07-06,已完成
PO000257,SKU00027,SUP017,WH03,2024-07-06,400,400,16.27,2024-09-10,已完成
PO000258,SKU00027,SUP017,WH04,2024-08-02,200,200,16.26,2024-10-02,已完成
PO000259,SKU00027,SUP017,WH01,2024-09-04,300,300,14.42,2024-10-24,已完成
PO000260,SKU00027,SUP017,WH04,2024-10-13,1000,1000,13.53,2024-12-26,已完成
PO000261,SKU00027,SUP017,WH05,2024-11-09,700,700,18.8,2024-12-26,已完成
PO000262,SKU00027,SUP017,WH03,2024-12-14,800,800,16.84,2025-01-25,已完成
PO000263,SKU00027,SUP017,WH05,2025-02-01,300,300,17.98,2025-03-30,已完成
PO000264,SKU00027,SUP017,WH03,2025-03-19,800,800,15.64,2025-05-10,已完成
PO000265,SKU00027,SUP017,WH04,2025-04-28,400,400,15.37,2025-06-13,已完成
PO000266,SKU00027,SUP017,WH03,2025-06-01,900,807,20.11,2025-07-17,部分到货
PO000267,SKU00027,SUP017,WH02,2025-07-11,500,144,22.54,2025-09-20,在途
PO000268,SKU00027,SUP017,WH03,2025-08-15,800,327,21.2,2025-10-17,部分到货
PO000269,SKU00027,SUP017,WH05,2025-09-29,400,359,14.57,2025-11-29,待发货
PO000270,SKU00027,SUP017,WH03,2025-11-03,400,279,19.17,2026-01-09,待发货
PO000271,SKU00027,SUP017,WH03,2025-12-28,500,387,16.61,2026-02-28,待发货
PO000272,SKU00028,SUP035,WH05,2025-06-20,1000,1000,23.11,2025-09-03,已完成
PO000273,SKU00028,SUP035,WH03,2025-08-07,1800,1421,23.93,2025-10-23,部分到货
PO000274,SKU00028,SUP035,WH06,2025-09-28,1600,460,27.49,2026-01-01,在途
PO000275,SKU00028,SUP035,WH04,2025-10-27,1600,1505,31.87,2026-01-23,在途
PO000276,SKU00028,SUP035,WH04,2025-12-03,2000,1032,37.9,2026-03-09,已下单
PO000277,SKU00029,SUP038,WH01,2025-01-31,5000,5000,51.95,2025-03-27,已完成
PO000278,SKU00029,SUP038,WH05,2025-03-18,3500,3500,57.71,2025-05-17,已完成
PO000279,SKU00029,SUP038,WH01,2025-05-03,4000,40,38.26,2025-07-13,在途
PO000280,SKU00029,SUP038,WH03,2025-06-13,5000,1857,52.04,2025-08-16,在途
PO000281,SKU00029,SUP038,WH01,2025-07-26,5000,2293,39.24,2025-09-23,部分到货
PO000282,SKU00029,SUP038,WH02,2025-09-18,1500,496,40.52,2025-11-14,已下单
PO000283,SKU00029,SUP038,WH03,2025-11-07,2500,1130,43.07,2026-01-29,待发货
PO000284,SKU00029,SUP038,WH03,2025-12-24,4500,191,50.39,2026-03-04,在途
PO000285,SKU00030,SUP009,WH06,2024-07-13,1500,1500,57.02,2024-08-24,已完成
PO000286,SKU00030,SUP009,WH03,2024-08-12,5000,5000,69.79,2024-09-23,已完成
PO000287,SKU00030,SUP009,WH04,2024-10-06,4500,4500,72.62,2024-11-21,已完成
PO000288,SKU00030,SUP009,WH01,2024-11-05,4000,4000,76.97,2025-01-01,已完成
PO000289,SKU00030,SUP009,WH05,2024-12-28,2500,2500,64.53,2025-02-26,已完成
PO000290,SKU00030,SUP009,WH03,2025-01-22,2500,2500,77.58,2025-03-08,已完成
PO000291,SKU00030,SUP009,WH05,2025-03-13,1500,1500,54.72,2025-04-20,已完成
PO000292,SKU00030,SUP009,WH03,2025-04-17,2500,2500,74.28,2025-06-17,已完成
PO000293,SKU00030,SUP009,WH05,2025-05-27,5000,1864,51.78,2025-07-18,在途
PO000294,SKU00030,SUP009,WH05,2025-07-02,4500,2522,74.33,2025-08-14,部分到货
PO000295,SKU00030,SUP009,WH01,2025-08-06,1500,260,75.19,2025-09-22,部分到货
PO000296,SKU00030,SUP009,WH02,2025-09-16,4000,2184,64.26,2025-11-13,已下单
PO000297,SKU00030,SUP009,WH02,2025-10-26,5000,2325,52.83,2025-12-08,已下单
PO000298,SKU00030,SUP009,WH01,2025-11-30,4500,2071,55.05,2026-01-04,待发货
PO000299,SKU00031,SUP008,WH04,2024-01-12,1000,1000,56.36,2024-04-19,已完成
PO000300,SKU00031,SUP008,WH02,2024-02-19,900,900,38.03,2024-05-27,已完成
PO000301,SKU00031,SUP008,WH01,2024-03-15,500,500,43.88,2024-06-08,已完成
PO000302,SKU00031,SUP008,WH04,2024-04-26,600,600,52.73,2024-07-12,已完成
PO000303,SKU00031,SUP008,WH01,2024-06-14,900,900,52.95,2024-09-21,已完成
PO000304,SKU00031,SUP008,WH05,2024-07-17,1000,1000,60.56,2024-10-15,已完成
PO000305,SKU00031,SUP008,WH04,2024-08-12,900,900,38.63,2024-10-31,已完成
PO000306,SKU00031,SUP008,WH01,2024-10-02,500,500,49.2,2024-12-27,已完成
PO000307,SKU00031,SUP008,WH01,2024-11-07,300,300,59.13,2025-02-10,已完成
PO000308,SKU00031,SUP008,WH06,2024-12-09,500,500,54.09,2025-03-08,已完成
PO000309,SKU00031,SUP008,WH02,2025-01-16,400,400,60.28,2025-04-01,已完成
PO000310,SKU00031,SUP008,WH05,2025-03-07,200,102,45.37,2025-06-04,部分到货
PO000311,SKU00031,SUP008,WH05,2025-04-23,600,561,56.19,2025-07-17,部分到货
PO000312,SKU00031,SUP008,WH03,2025-05-21,400,400,61.91,2025-08-22,已完成
PO000313,SKU00031,SUP008,WH06,2025-06-19,400,122,43.05,2025-09-09,在途
PO000314,SKU00031,SUP008,WH05,2025-08-09,800,480,54.63,2025-11-15,在途
PO000315,SKU00031,SUP008,WH01,2025-09-15,900,344,58.34,2025-11-25,已下单
PO000316,SKU00031,SUP008,WH03,2025-11-01,700,387,61.96,2026-02-05,待发货
PO000317,SKU00031,SUP008,WH06,2025-12-23,300,198,61.39,2026-03-29,已下单
PO000318,SKU00032,SUP044,WH04,2024-05-06,4000,4000,48.67,2024-07-23,已完成
PO000319,SKU00032,SUP044,WH03,2024-06-15,3000,3000,36.77,2024-09-08,已完成
PO000320,SKU00032,SUP044,WH03,2024-07-28,2000,2000,50.37,2024-11-01,已完成
PO000321,SKU00032,SUP044,WH01,2024-09-15,1000,1000,43.82,2024-11-21,已完成
PO000322,SKU00032,SUP044,WH01,2024-11-05,4500,4500,51.23,2025-01-10,已完成
PO000323,SKU00032,SUP044,WH01,2024-12-05,4500,4500,52.76,2025-03-09,已完成
PO000324,SKU00032,SUP044,WH06,2025-01-12,2500,2500,35.89,2025-03-26,已完成
PO000325,SKU00032,SUP044,WH03,2025-03-05,3000,234,44.76,2025-05-14,部分到货
PO000326,SKU00032,SUP044,WH06,2025-04-19,2000,580,45.61,2025-06-26,在途
PO000327,SKU00032,SUP044,WH01,2025-05-21,4000,4000,33.73,2025-07-30,已完成
PO000328,SKU00032,SUP044,WH06,2025-06-17,2000,2000,39.39,2025-09-04,已完成
PO000329,SKU00032,SUP044,WH06,2025-07-12,3500,439,30.25,2025-09-22,部分到货
PO000330,SKU00032,SUP044,WH03,2025-08-18,1500,523,35.83,2025-10-28,在途
PO000331,SKU00032,SUP044,WH05,2025-09-24,2000,1070,43.43,2025-12-07,在途
PO000332,SKU00032,SUP044,WH02,2025-10-24,4500,2685,32.21,2026-01-19,已下单
PO000333,SKU00032,SUP044,WH01,2025-12-01,4500,598,31.52,2026-02-17,在途
PO000334,SKU00033,SUP025,WH03,2024-02-03,3500,3500,93.66,2024-05-05,已完成
PO000335,SKU00033,SUP025,WH02,2024-03-06,3000,3000,82.29,2024-05-15,已完成
PO000336,SKU00033,SUP025,WH06,2024-04-19,3000,3000,97.71,2024-06-24,已完成
PO000337,SKU00033,SUP025,WH02,2024-05-20,5000,5000,91.59,2024-08-25,已完成
PO000338,SKU00033,SUP025,WH04,2024-06-23,1000,1000,74.28,2024-09-11,已完成
PO000339,SKU00033,SUP025,WH05,2024-07-25,4500,4500,98.33,2024-10-02,已完成
PO000340,SKU00033,SUP025,WH02,2024-08-19,3500,3500,74.32,2024-11-12,已完成
PO000341,SKU00033,SUP025,WH05,2024-10-09,4000,4000,88.49,2025-01-05,已完成
PO000342,SKU00033,SUP025,WH01,2024-11-27,4500,4500,83.91,2025-02-04,已完成
PO000343,SKU00033,SUP025,WH01,2024-12-22,3000,3000,99.95,2025-03-10,已完成
PO000344,SKU00033,SUP025,WH06,2025-02-15,4000,2707,92.51,2025-05-23,部分到货
PO000345,SKU00033,SUP025,WH03,2025-03-25,4000,4000,59.81,2025-06-03,已完成
PO000346,SKU00033,SUP025,WH05,2025-04-21,5000,5000,71.45,2025-07-08,已完成
PO000347,SKU00033,SUP025,WH06,2025-06-03,1500,1358,67.23,2025-08-26,在途
PO000348,SKU00033,SUP025,WH04,2025-07-05,1500,872,58.45,2025-10-05,在途
PO000349,SKU00033,SUP025,WH06,2025-08-20,2000,260,56.36,2025-10-31,在途
PO000350,SKU00033,SUP025,WH06,2025-09-29,3500,861,73.61,2026-01-05,已下单
PO000351,SKU00033,SUP025,WH03,2025-11-16,3000,2300,68.83,2026-01-27,在途
PO000352,SKU00033,SUP025,WH04,2025-12-13,3000,1455,58.47,2026-02-20,待发货
PO000353,SKU00034,SUP034,WH03,2025-03-17,800,800,68.1,2025-06-10,已完成
PO000354,SKU00034,SUP034,WH01,2025-05-09,600,600,71.1,2025-07-24,已完成
PO000355,SKU00034,SUP034,WH03,2025-06-03,1000,363,46.22,2025-08-06,在途
PO000356,SKU00034,SUP034,WH03,2025-07-27,400,94,73.1,2025-10-23,在途
PO000357,SKU00034,SUP034,WH03,2025-08-31,1200,136,64.59,2025-11-05,已下单
PO000358,SKU00034,SUP034,WH01,2025-09-26,800,725,43.37,2025-12-11,已下单
PO000359,SKU00034,SUP034,WH01,2025-11-04,1200,630,41.23,2026-01-24,待发货
PO000360,SKU00034,SUP034,WH05,2025-12-05,1200,276,53.88,2026-02-24,已下单
PO000361,SKU00035,SUP044,WH02,2024-01-01,250,250,47.93,2024-03-17,已完成
PO000362,SKU00035,SUP044,WH05,2024-02-08,100,100,61.82,2024-04-23,已完成
PO000363,SKU00035,SUP044,WH01,2024-03-30,100,100,78.67,2024-06-20,已完成
PO000364,SKU00035,SUP044,WH02,2024-05-06,300,300,69.31,2024-07-12,已完成
PO000365,SKU00035,SUP044,WH01,2024-06-07,400,400,87.4,2024-09-07,已完成
PO000366,SKU00035,SUP044,WH01,2024-07-06,300,300,85.31,2024-09-10,已完成
PO000367,SKU00035,SUP044,WH06,2024-08-28,500,500,84.26,2024-11-23,已完成
PO000368,SKU00035,SUP044,WH05,2024-10-06,150,150,53.12,2024-12-12,已完成
PO000369,SKU00035,SUP044,WH05,2024-11-26,400,400,70.87,2025-01-30,已完成
PO000370,SKU00035,SUP044,WH03,2025-01-03,200,200,58.33,2025-03-20,已完成
PO000371,SKU00035,SUP044,WH03,2025-02-07,400,400,66.16,2025-04-29,已完成
PO000372,SKU00035,SUP044,WH05,2025-03-11,150,150,52.12,2025-05-23,已完成
PO000373,SKU00035,SUP044,WH03,2025-04-08,200,77,69.56,2025-07-06,在途
PO000374,SKU00035,SUP044,WH04,2025-06-02,250,62,52.57,2025-08-30,部分到货
PO000375,SKU00035,SUP044,WH03,2025-07-02,300,42,76.72,2025-09-03,在途
PO000376,SKU00035,SUP044,WH01,2025-08-26,350,225,58.3,2025-11-20,已下单
PO000377,SKU00035,SUP044,WH05,2025-09-25,100,71,57.87,2025-12-20,待发货
PO000378,SKU00035,SUP044,WH01,2025-11-03,150,8,79.57,2026-01-11,在途
PO000379,SKU00035,SUP044,WH03,2025-12-05,200,130,85.97,2026-02-16,待发货
PO000380,SKU00036,SUP050,WH01,2024-08-23,1200,1200,88.4,2024-09-30,已完成
PO000381,SKU00036,SUP050,WH01,2024-09-23,1800,1800,84.64,2024-11-04,已完成
PO000382,SKU00036,SUP050,WH01,2024-11-13,1400,1400,86.16,2024-12-24,已完成
PO000383,SKU00036,SUP050,WH06,2024-12-09,800,800,63.8,2025-02-08,已完成
PO000384,SKU00036,SUP050,WH02,2025-01-03,1600,1600,62.12,2025-03-05,已完成
PO000385,SKU00036,SUP050,WH03,2025-02-26,800,800,65.88,2025-04-18,已完成
PO000386,SKU00036,SUP050,WH04,2025-03-27,400,156,70.16,2025-05-15,部分到货
PO000387,SKU00036,SUP050,WH02,2025-04-22,600,238,73.92,2025-06-12,在途
PO000388,SKU00036,SUP050,WH04,2025-06-11,2000,2000,79.61,2025-07-30,已完成
PO000389,SKU00036,SUP050,WH05,2025-07-17,1800,859,63.53,2025-09-20,部分到货
PO000390,SKU00036,SUP050,WH02,2025-08-16,400,400,48.86,2025-10-09,已完成
PO000391,SKU00036,SUP050,WH05,2025-10-05,1200,407,71.52,2025-11-11,待发货
PO000392,SKU00036,SUP050,WH06,2025-11-06,800,183,69.47,2025-12-16,在途
PO000393,SKU00036,SUP050,WH04,2025-12-26,400,134,81.95,2026-02-12,已下单
PO000394,SKU00037,SUP028,WH05,2024-10-02,400,400,52.78,2024-12-12,已完成
PO000395,SKU00037,SUP028,WH06,2024-11-19,700,700,66.38,2025-01-15,已完成
PO000396,SKU00037,SUP028,WH04,2025-01-13,400,400,60.75,2025-03-22,已完成
PO000397,SKU00037,SUP028,WH01,2025-02-12,900,900,43.47,2025-04-11,已完成
PO000398,SKU00037,SUP028,WH01,2025-03-28,500,157,63.31,2025-05-24,在途
PO000399,SKU00037,SUP028,WH03,2025-05-17,400,400,43.59,2025-08-02,已完成
PO000400,SKU00037,SUP028,WH01,2025-06-15,400,141,74.96,2025-08-17,部分到货
PO000401,SKU00037,SUP028,WH03,2025-07-22,300,38,47.07,2025-10-07,部分到货
PO000402,SKU00037,SUP028,WH03,2025-09-15,800,132,75.91,2025-12-11,已下单
PO000403,SKU00037,SUP028,WH05,2025-11-01,700,541,54.93,2026-01-10,已下单
PO000404,SKU00037,SUP028,WH06,2025-12-19,600,1,66.43,2026-02-21,在途
PO000405,SKU00038,SUP047,WH05,2024-01-01,400,400,21.37,2024-03-11,已完成
PO000406,SKU00038,SUP047,WH04,2024-02-20,1000,1000,18.81,2024-04-25,已完成
PO000407,SKU00038,SUP047,WH03,2024-04-08,600,600,30.93,2024-06-21,已完成
PO000408,SKU00038,SUP047,WH04,2024-05-08,600,600,16.95,2024-07-27,已完成
PO000409,SKU00038,SUP047,WH03,2024-06-08,1000,1000,20.48,2024-08-10,已完成
PO000410,SKU00038,SUP047,WH04,2024-07-06,400,400,23.1,2024-09-06,已完成
PO000411,SKU00038,SUP047,WH04,2024-08-13,800,800,29.48,2024-11-06,已完成
PO000412,SKU00038,SUP047,WH01,2024-09-18,2000,2000,28.72,2024-12-10,已完成
PO000413,SKU00038,SUP047,WH04,2024-11-07,1000,1000,17.85,2025-01-15,已完成
PO000414,SKU00038,SUP047,WH01,2024-12-29,400,400,21.38,2025-03-16,已完成
PO000415,SKU00038,SUP047,WH03,2025-02-22,600,600,19.24,2025-04-26,已完成
PO000416,SKU00038,SUP047,WH03,2025-03-31,800,800,25.34,2025-06-02,已完成
PO000417,SKU00038,SUP047,WH06,2025-05-14,1800,282,29.59,2025-07-13,在途
PO000418,SKU00038,SUP047,WH02,2025-06-13,400,370,22.68,2025-08-17,部分到货
PO000419,SKU00038,SUP047,WH03,2025-07-25,2000,2000,21.07,2025-10-08,已完成
PO000420,SKU00038,SUP047,WH05,2025-08-22,400,319,19.0,2025-11-14,已下单
PO000421,SKU00038,SUP047,WH03,2025-09-27,400,313,25.79,2025-12-22,在途
PO000422,SKU00038,SUP047,WH02,2025-11-06,1000,162,20.99,2026-01-10,在途
PO000423,SKU00038,SUP047,WH04,2025-12-03,1800,805,29.67,2026-02-07,待发货
PO000424,SKU00039,SUP033,WH02,2024-06-09,500,500,57.07,2024-09-08,已完成
PO000425,SKU00039,SUP033,WH04,2024-07-16,350,350,44.95,2024-10-02,已完成
PO000426,SKU00039,SUP033,WH02,2024-08-24,450,450,74.37,2024-11-15,已完成
PO000427,SKU00039,SUP033,WH06,2024-10-06,100,100,68.07,2024-12-21,已完成
PO000428,SKU00039,SUP033,WH05,2024-11-02,350,350,51.74,2025-02-03,已完成
PO000429,SKU00039,SUP033,WH04,2024-11-28,400,400,79.14,2025-03-08,已完成
PO000430,SKU00039,SUP033,WH04,2025-01-13,450,450,54.39,2025-04-05,已完成
PO000431,SKU00039,SUP033,WH01,2025-02-19,100,100,78.53,2025-05-29,已完成
PO000432,SKU00039,SUP033,WH02,2025-03-30,200,200,47.98,2025-06-15,已完成
PO000433,SKU00039,SUP033,WH06,2025-05-07,150,150,48.79,2025-08-09,已完成
PO000434,SKU00039,SUP033,WH01,2025-06-20,300,300,46.53,2025-09-15,已完成
PO000435,SKU00039,SUP033,WH05,2025-08-01,400,174,75.72,2025-10-27,部分到货
PO000436,SKU00039,SUP033,WH04,2025-09-20,500,71,64.33,2025-12-22,在途
PO000437,SKU00039,SUP033,WH01,2025-11-02,150,111,75.49,2026-01-14,已下单
PO000438,SKU00039,SUP033,WH04,2025-12-25,350,217,64.53,2026-03-28,待发货
PO000439,SKU00040,SUP041,WH04,2024-10-11,400,400,48.72,2024-12-03,已完成
PO000440,SKU00040,SUP041,WH04,2024-11-24,800,800,76.44,2025-01-01,已完成
PO000441,SKU00040,SUP041,WH06,2024-12-29,500,500,61.04,2025-02-06,已完成
PO000442,SKU00040,SUP041,WH03,2025-01-31,700,700,73.76,2025-03-09,已完成
PO000443,SKU00040,SUP041,WH04,2025-03-06,600,600,75.28,2025-04-28,已完成
PO000444,SKU00040,SUP041,WH03,2025-04-21,300,300,79.59,2025-06-10,已完成
PO000445,SKU00040,SUP041,WH05,2025-05-30,700,429,50.36,2025-07-22,在途
PO000446,SKU00040,SUP041,WH03,2025-06-30,800,800,73.89,2025-09-05,已完成
PO000447,SKU00040,SUP041,WH06,2025-08-10,400,192,48.41,2025-09-19,部分到货
PO000448,SKU00040,SUP041,WH02,2025-10-01,1000,831,50.83,2025-11-07,在途
PO000449,SKU00040,SUP041,WH01,2025-10-27,500,436,69.57,2025-12-04,待发货
PO000450,SKU00040,SUP041,WH04,2025-11-29,700,422,47.98,2026-02-02,已下单
PO000451,SKU00040,SUP041,WH05,2025-12-24,500,211,79.08,2026-02-21,待发货
PO000452,SKU00041,SUP049,WH03,2024-12-10,1000,1000,44.34,2025-03-03,已完成
PO000453,SKU00041,SUP049,WH03,2025-02-01,600,600,39.81,2025-04-08,已完成
PO000454,SKU00041,SUP049,WH06,2025-02-27,400,400,46.4,2025-05-12,已完成
PO000455,SKU00041,SUP049,WH06,2025-03-30,600,600,39.19,2025-06-25,已完成
PO000456,SKU00041,SUP049,WH02,2025-05-23,400,400,47.31,2025-08-03,已完成
PO000457,SKU00041,SUP049,WH04,2025-07-12,600,485,54.19,2025-09-28,部分到货
PO000458,SKU00041,SUP049,WH05,2025-08-12,900,900,66.37,2025-10-31,已完成
PO000459,SKU00041,SUP049,WH06,2025-09-18,300,275,66.87,2025-11-18,已下单
PO000460,SKU00041,SUP049,WH01,2025-10-30,600,274,50.1,2026-01-18,已下单
PO000461,SKU00041,SUP049,WH06,2025-12-02,700,472,68.64,2026-02-18,待发货
PO000462,SKU00042,SUP001,WH01,2025-06-01,800,800,119.09,2025-08-31,已完成
PO000463,SKU00042,SUP001,WH02,2025-07-21,1600,1600,114.01,2025-10-07,已完成
PO000464,SKU00042,SUP001,WH04,2025-09-04,1800,691,114.94,2025-11-19,待发货
PO000465,SKU00042,SUP001,WH06,2025-10-17,1000,211,102.74,2026-01-04,已下单
PO000466,SKU00042,SUP001,WH03,2025-12-06,1800,1445,121.22,2026-02-24,已下单
PO000467,SKU00043,SUP008,WH01,2024-01-01,800,800,44.42,2024-03-05,已完成
PO000468,SKU00043,SUP008,WH06,2024-02-18,1200,1200,56.05,2024-04-15,已完成
PO000469,SKU00043,SUP008,WH03,2024-04-03,600,600,37.7,2024-06-02,已完成
PO000470,SKU00043,SUP008,WH03,2024-05-25,1200,1200,41.73,2024-08-05,已完成
PO000471,SKU00043,SUP008,WH01,2024-07-07,1200,1200,44.41,2024-09-20,已完成
PO000472,SKU00043,SUP008,WH02,2024-08-28,600,600,45.22,2024-11-12,已完成
PO000473,SKU00043,SUP008,WH03,2024-10-19,1600,1600,42.85,2025-01-06,已完成
PO000474,SKU00043,SUP008,WH02,2024-12-10,800,800,40.94,2025-02-02,已完成
PO000475,SKU00043,SUP008,WH03,2025-01-22,1800,1800,55.04,2025-03-18,已完成
PO000476,SKU00043,SUP008,WH06,2025-02-21,600,562,40.15,2025-05-09,部分到货
PO000477,SKU00043,SUP008,WH02,2025-03-19,400,289,36.22,2025-06-01,部分到货
PO000478,SKU00043,SUP008,WH02,2025-05-07,800,800,48.32,2025-07-23,已完成
PO000479,SKU00043,SUP008,WH04,2025-06-21,1600,582,32.67,2025-08-31,在途
PO000480,SKU00043,SUP008,WH05,2025-07-22,1400,253,50.0,2025-09-06,部分到货
PO000481,SKU00043,SUP008,WH03,2025-09-05,1000,296,34.43,2025-11-04,已下单
PO000482,SKU00043,SUP008,WH01,2025-10-16,1200,339,39.54,2025-12-11,在途
PO000483,SKU00043,SUP008,WH04,2025-12-03,2000,1687,58.65,2026-02-20,待发货
PO000484,SKU00044,SUP004,WH02,2024-07-29,700,700,104.88,2024-10-12,已完成
PO000485,SKU00044,SUP004,WH02,2024-09-21,800,800,68.99,2024-11-24,已完成
PO000486,SKU00044,SUP004,WH05,2024-10-20,500,500,82.89,2024-12-23,已完成
PO000487,SKU00044,SUP004,WH04,2024-11-17,700,700,101.34,2025-01-21,已完成
PO000488,SKU00044,SUP004,WH05,2024-12-20,1000,1000,107.19,2025-02-24,已完成
PO000489,SKU00044,SUP004,WH01,2025-02-04,300,300,92.07,2025-04-09,已完成
PO000490,SKU00044,SUP004,WH05,2025-03-14,900,900,70.4,2025-06-09,已完成
PO000491,SKU00044,SUP004,WH03,2025-04-30,400,400,78.74,2025-07-15,已完成
PO000492,SKU00044,SUP004,WH04,2025-05-28,1000,1000,99.06,2025-08-16,已完成
PO000493,SKU00044,SUP004,WH01,2025-06-25,1000,745,82.55,2025-09-03,部分到货
PO000494,SKU00044,SUP004,WH02,2025-08-08,500,500,75.61,2025-10-26,已完成
PO000495,SKU00044,SUP004,WH05,2025-09-15,600,282,68.16,2025-11-27,在途
PO000496,SKU00044,SUP004,WH01,2025-11-08,900,10,62.28,2026-01-31,在途
PO000497,SKU00044,SUP004,WH05,2025-12-06,900,64,93.75,2026-02-16,在途
PO000498,SKU00045,SUP006,WH03,2024-02-22,2500,2500,42.79,2024-04-22,已完成
PO000499,SKU00045,SUP006,WH01,2024-03-19,1500,1500,60.38,2024-04-30,已完成
PO000500,SKU00045,SUP006,WH06,2024-04-24,3500,3500,38.36,2024-06-21,已完成
PO000501,SKU00045,SUP006,WH02,2024-06-15,1000,1000,54.73,2024-07-16,已完成
PO000502,SKU00045,SUP006,WH04,2024-07-15,3500,3500,63.46,2024-09-06,已完成
PO000503,SKU00045,SUP006,WH03,2024-08-17,1500,1500,40.36,2024-10-10,已完成
PO000504,SKU00045,SUP006,WH03,2024-09-23,4000,4000,59.89,2024-11-22,已完成
PO000505,SKU00045,SUP006,WH06,2024-11-09,4500,4500,61.39,2025-01-05,已完成
PO000506,SKU00045,SUP006,WH06,2024-12-09,1500,1500,56.62,2025-01-17,已完成
PO000507,SKU00045,SUP006,WH04,2025-02-02,2000,2000,62.14,2025-03-11,已完成
PO000508,SKU00045,SUP006,WH05,2025-03-14,4500,4500,46.25,2025-04-25,已完成
PO000509,SKU00045,SUP006,WH04,2025-04-19,1000,107,47.19,2025-05-28,在途
PO000510,SKU00045,SUP006,WH01,2025-05-15,1500,1004,55.17,2025-07-01,部分到货
PO000511,SKU00045,SUP006,WH04,2025-07-03,2500,2500,54.68,2025-08-24,已完成
PO000512,SKU00045,SUP006,WH06,2025-08-04,4500,4500,54.07,2025-09-26,已完成
PO000513,SKU00045,SUP006,WH06,2025-09-02,5000,4438,50.01,2025-10-06,在途
PO000514,SKU00045,SUP006,WH04,2025-10-12,4500,1370,44.79,2025-11-22,在途
PO000515,SKU00045,SUP006,WH05,2025-11-14,1000,611,46.95,2026-01-16,在途
PO000516,SKU00045,SUP006,WH05,2025-12-16,1500,638,60.51,2026-02-14,待发货
PO000517,SKU00046,SUP050,WH01,2025-05-30,300,300,58.48,2025-08-04,已完成
PO000518,SKU00046,SUP050,WH05,2025-06-25,1000,1000,79.33,2025-07-30,已完成
PO000519,SKU00046,SUP050,WH02,2025-08-09,600,600,67.83,2025-10-15,已完成
PO000520,SKU00046,SUP050,WH02,2025-09-17,700,561,55.82,2025-11-14,在途
PO000521,SKU00046,SUP050,WH04,2025-11-05,900,97,71.73,2026-01-02,已下单
PO000522,SKU00046,SUP050,WH06,2025-12-07,200,183,54.33,2026-02-01,待发货
PO000523,SKU00047,SUP031,WH04,2025-10-06,300,40,53.04,2025-11-20,在途
PO000524,SKU00047,SUP031,WH05,2025-11-23,800,148,36.25,2026-01-11,待发货
PO000525,SKU00048,SUP039,WH06,2025-05-23,2500,2500,47.22,2025-07-31,已完成
PO000526,SKU00048,SUP039,WH04,2025-07-11,4000,4000,50.97,2025-08-22,已完成
PO000527,SKU00048,SUP039,WH01,2025-08-23,5000,2519,38.14,2025-10-10,部分到货
PO000528,SKU00048,SUP039,WH02,2025-10-16,4000,2628,42.06,2025-12-25,已下单
PO000529,SKU00048,SUP039,WH06,2025-12-06,2000,1141,64.32,2026-01-21,待发货
PO000530,SKU00049,SUP049,WH04,2025-06-04,800,732,85.34,2025-08-04,部分到货
PO000531,SKU00049,SUP049,WH05,2025-07-13,400,266,76.47,2025-09-05,部分到货
PO000532,SKU00049,SUP049,WH06,2025-08-16,1000,1000,83.94,2025-10-21,已完成
PO000533,SKU00049,SUP049,WH05,2025-09-30,500,339,74.0,2025-11-27,在途
PO000534,SKU00049,SUP049,WH05,2025-11-23,400,263,59.46,2026-01-19,已下单
PO000535,SKU00049,SUP049,WH05,2025-12-21,700,626,74.94,2026-03-07,已下单
PO000536,SKU00050,SUP043,WH04,2024-12-31,2000,2000,71.22,2025-03-14,已完成
PO000537,SKU00050,SUP043,WH04,2025-02-10,600,600,47.31,2025-04-07,已完成
PO000538,SKU00050,SUP043,WH02,2025-03-28,400,373,66.72,2025-06-03,部分到货
PO000539,SKU00050,SUP043,WH05,2025-04-26,400,400,43.24,2025-07-08,已完成
PO000540,SKU00050,SUP043,WH06,2025-06-16,1800,1800,65.41,2025-08-16,已完成
PO000541,SKU00050,SUP043,WH03,2025-07-23,1000,1000,67.06,2025-10-18,已完成
PO000542,SKU00050,SUP043,WH06,2025-08-18,1600,475,61.98,2025-11-05,待发货
PO000543,SKU00050,SUP043,WH04,2025-09-12,1200,946,74.94,2025-11-18,已下单
PO000544,SKU00050,SUP043,WH02,2025-10-29,1400,391,48.47,2026-01-04,已下单
PO000545,SKU00050,SUP043,WH06,2025-12-14,600,292,55.68,2026-02-18,在途
PO000546,SKU00051,SUP029,WH02,2025-05-16,500,500,38.4,2025-07-13,已完成
PO000547,SKU00051,SUP029,WH06,2025-06-18,100,89,26.47,2025-08-20,在途
PO000548,SKU00051,SUP029,WH05,2025-08-11,350,350,44.09,2025-09-25,已完成
PO000549,SKU00051,SUP029,WH06,2025-09-14,450,135,30.42,2025-11-17,在途
PO000550,SKU00051,SUP029,WH02,2025-10-14,500,197,37.37,2025-11-29,已下单
PO000551,SKU00051,SUP029,WH06,2025-11-10,350,110,33.51,2026-01-05,在途
PO000552,SKU00051,SUP029,WH06,2025-12-11,500,4,40.27,2026-02-21,已下单
PO000553,SKU00052,SUP005,WH06,2024-07-22,1000,1000,65.53,2024-08-21,已完成
PO000554,SKU00052,SUP005,WH03,2024-08-28,600,600,54.5,2024-10-19,已完成
PO000555,SKU00052,SUP005,WH03,2024-10-01,400,400,53.68,2024-12-01,已完成
PO000556,SKU00052,SUP005,WH01,2024-11-11,1800,1800,46.72,2025-01-09,已完成
PO000557,SKU00052,SUP005,WH05,2024-12-26,1000,1000,39.88,2025-02-12,已完成
PO000558,SKU00052,SUP005,WH06,2025-01-23,800,800,39.34,2025-02-20,已完成
PO000559,SKU00052,SUP005,WH02,2025-03-10,1000,1000,54.43,2025-05-04,已完成
PO000560,SKU00052,SUP005,WH01,2025-04-26,1600,1600,51.92,2025-05-28,已完成
PO000561,SKU00052,SUP005,WH01,2025-05-31,400,400,42.94,2025-07-03,已完成
PO000562,SKU00052,SUP005,WH03,2025-07-03,2000,2000,50.27,2025-08-04,已完成
PO000563,SKU00052,SUP005,WH01,2025-08-11,1600,592,41.03,2025-10-05,部分到货
PO000564,SKU00052,SUP005,WH01,2025-09-05,600,600,48.68,2025-10-05,已完成
PO000565,SKU00052,SUP005,WH03,2025-10-16,600,345,46.24,2025-12-01,已下单
PO000566,SKU00052,SUP005,WH06,2025-12-09,1800,52,42.25,2026-01-30,待发货
PO000567,SKU00053,SUP036,WH02,2025-08-01,800,800,49.83,2025-10-22,已完成
PO000568,SKU00053,SUP036,WH05,2025-09-23,700,94,41.11,2025-11-26,已下单
PO000569,SKU00053,SUP036,WH02,2025-11-05,800,568,70.43,2026-01-13,待发货
PO000570,SKU00053,SUP036,WH05,2025-12-11,500,67,45.95,2026-03-11,已下单
PO000571,SKU00054,SUP001,WH02,2024-07-16,250,250,128.02,2024-09-28,已完成
PO000572,SKU00054,SUP001,WH06,2024-08-28,100,100,119.56,2024-12-02,已完成
PO000573,SKU00054,SUP001,WH01,2024-10-01,150,150,95.03,2024-12-23,已完成
PO000574,SKU00054,SUP001,WH03,2024-11-13,450,450,90.21,2025-02-09,已完成
PO000575,SKU00054,SUP001,WH03,2024-12-28,250,250,124.43,2025-03-11,已完成
PO000576,SKU00054,SUP001,WH04,2025-02-19,250,77,127.21,2025-05-17,在途
PO000577,SKU00054,SUP001,WH04,2025-04-07,200,32,103.09,2025-07-06,部分到货
PO000578,SKU00054,SUP001,WH03,2025-05-27,250,31,132.33,2025-08-29,部分到货
PO000579,SKU00054,SUP001,WH03,2025-07-19,450,331,115.2,2025-10-23,部分到货
PO000580,SKU00054,SUP001,WH02,2025-08-16,200,169,94.96,2025-10-27,部分到货
PO000581,SKU00054,SUP001,WH05,2025-10-03,150,90,137.88,2025-12-13,在途
PO000582,SKU00054,SUP001,WH05,2025-11-15,400,99,143.55,2026-02-03,在途
PO000583,SKU00054,SUP001,WH04,2025-12-27,450,95,135.06,2026-03-13,待发货
PO000584,SKU00055,SUP015,WH05,2024-02-01,200,200,66.07,2024-03-30,已完成
PO000585,SKU00055,SUP015,WH01,2024-03-09,350,350,72.07,2024-05-09,已完成
PO000586,SKU00055,SUP015,WH02,2024-04-30,200,200,63.54,2024-06-30,已完成
PO000587,SKU00055,SUP015,WH03,2024-05-30,200,200,47.55,2024-07-28,已完成
PO000588,SKU00055,SUP015,WH01,2024-07-18,450,450,56.38,2024-08-30,已完成
PO000589,SKU00055,SUP015,WH05,2024-08-19,100,100,81.72,2024-09-30,已完成
PO000590,SKU00055,SUP015,WH04,2024-09-24,400,400,80.69,2024-11-22,已完成
PO000591,SKU00055,SUP015,WH06,2024-10-20,350,350,84.11,2024-11-24,已完成
PO000592,SKU00055,SUP015,WH05,2024-12-04,300,300,67.41,2025-01-18,已完成
PO000593,SKU00055,SUP015,WH03,2025-01-03,400,400,69.11,2025-02-25,已完成
PO000594,SKU00055,SUP015,WH03,2025-02-25,150,150,60.79,2025-04-28,已完成
PO000595,SKU00055,SUP015,WH03,2025-04-20,250,194,59.55,2025-06-21,在途
PO000596,SKU00055,SUP015,WH04,2025-06-09,450,450,52.49,2025-07-08,已完成
PO000597,SKU00055,SUP015,WH02,2025-07-06,500,500,53.33,2025-08-21,已完成
PO000598,SKU00055,SUP015,WH03,2025-08-11,150,102,64.93,2025-09-23,部分到货
PO000599,SKU00055,SUP015,WH02,2025-09-20,450,276,62.15,2025-11-01,已下单
PO000600,SKU00055,SUP015,WH05,2025-10-22,100,15,70.76,2025-11-28,已下单
PO000601,SKU00055,SUP015,WH03,2025-11-17,200,175,66.32,2025-12-19,在途
PO000602,SKU00055,SUP015,WH02,2025-12-24,100,42,85.07,2026-02-09,在途
PO000603,SKU00056,SUP005,WH04,2024-10-30,400,400,17.61,2024-12-27,已完成
PO000604,SKU00056,SUP005,WH03,2024-12-19,400,400,13.29,2025-03-05,已完成
PO000605,SKU00056,SUP005,WH05,2025-02-03,700,700,17.51,2025-04-17,已完成
PO000606,SKU00056,SUP005,WH01,2025-03-07,800,800,11.79,2025-05-14,已完成
PO000607,SKU00056,SUP005,WH05,2025-04-17,1000,1000,12.58,2025-06-26,已完成
PO000608,SKU00056,SUP005,WH01,2025-05-27,200,200,16.43,2025-08-11,已完成
PO000609,SKU00056,SUP005,WH05,2025-06-25,1000,399,20.34,2025-08-08,在途
PO000610,SKU00056,SUP005,WH04,2025-08-11,1000,750,15.42,2025-10-21,在途
PO000611,SKU00056,SUP005,WH03,2025-09-23,300,135,13.94,2025-12-03,在途
PO000612,SKU00056,SUP005,WH05,2025-11-14,300,116,13.51,2026-01-15,已下单
PO000613,SKU00056,SUP005,WH05,2025-12-31,200,1,18.14,2026-03-18,在途
PO000614,SKU00057,SUP032,WH01,2025-10-02,700,102,36.21,2025-12-28,待发货
PO000615,SKU00057,SUP032,WH03,2025-11-04,600,348,42.98,2026-01-31,已下单
PO000616,SKU00057,SUP032,WH05,2025-12-11,500,229,30.61,2026-03-08,已下单
PO000617,SKU00058,SUP047,WH05,2024-04-10,3000,3000,27.55,2024-06-10,已完成
PO000618,SKU00058,SUP047,WH06,2024-05-27,4000,4000,23.44,2024-07-16,已完成
PO000619,SKU00058,SUP047,WH01,2024-06-28,4500,4500,25.18,2024-08-19,已完成
PO000620,SKU00058,SUP047,WH02,2024-08-04,3500,3500,28.36,2024-09-18,已完成
PO000621,SKU00058,SUP047,WH02,2024-09-18,1000,1000,29.87,2024-11-04,已完成
PO000622,SKU00058,SUP047,WH01,2024-11-01,4000,4000,26.07,2024-12-18,已完成
PO000623,SKU00058,SUP047,WH06,2024-12-07,1500,1500,28.28,2025-01-20,已完成
PO000624,SKU00058,SUP047,WH06,2025-01-13,5000,5000,38.84,2025-03-14,已完成
PO000625,SKU00058,SUP047,WH04,2025-02-08,2000,2000,21.46,2025-04-22,已完成
PO000626,SKU00058,SUP047,WH01,2025-04-01,5000,5000,35.56,2025-05-31,已完成
PO000627,SKU00058,SUP047,WH06,2025-05-12,5000,5000,21.93,2025-07-07,已完成
PO000628,SKU00058,SUP047,WH03,2025-06-13,1000,1000,35.48,2025-08-04,已完成
PO000629,SKU00058,SUP047,WH02,2025-07-19,4000,4000,30.71,2025-09-24,已完成
PO000630,SKU00058,SUP047,WH03,2025-09-05,1500,1500,34.51,2025-10-22,已完成
PO000631,SKU00058,SUP047,WH02,2025-10-17,3500,2016,24.82,2025-12-20,待发货
PO000632,SKU00058,SUP047,WH02,2025-12-10,4000,1547,23.21,2026-01-21,待发货
PO000633,SKU00059,SUP027,WH05,2025-03-24,600,600,40.91,2025-05-17,已完成
PO000634,SKU00059,SUP027,WH04,2025-05-16,1000,535,37.31,2025-07-04,在途
PO000635,SKU00059,SUP027,WH04,2025-07-04,700,700,39.75,2025-09-04,已完成
PO000636,SKU00059,SUP027,WH03,2025-08-25,200,12,34.69,2025-10-27,在途
PO000637,SKU00059,SUP027,WH03,2025-09-26,500,245,22.66,2025-11-18,待发货
PO000638,SKU00059,SUP027,WH01,2025-11-16,600,227,36.9,2026-01-03,待发货
PO000639,SKU00059,SUP027,WH03,2025-12-21,300,100,39.71,2026-02-03,待发货
PO000640,SKU00060,SUP043,WH06,2024-03-15,2500,2500,39.75,2024-06-03,已完成
PO000641,SKU00060,SUP043,WH02,2024-05-02,2500,2500,40.61,2024-07-06,已完成
PO000642,SKU00060,SUP043,WH02,2024-06-22,2500,2500,56.6,2024-09-01,已完成
PO000643,SKU00060,SUP043,WH05,2024-07-20,1500,1500,34.13,2024-10-08,已完成
PO000644,SKU00060,SUP043,WH04,2024-09-10,5000,5000,44.74,2024-10-31,已完成
PO000645,SKU00060,SUP043,WH04,2024-10-15,4500,4500,39.26,2024-12-20,已完成
PO000646,SKU00060,SUP043,WH04,2024-12-03,5000,5000,40.4,2025-02-07,已完成
PO000647,SKU00060,SUP043,WH05,2025-01-15,2000,2000,57.19,2025-03-08,已完成
PO000648,SKU00060,SUP043,WH05,2025-02-24,5000,5000,44.04,2025-04-16,已完成
PO000649,SKU00060,SUP043,WH06,2025-04-17,2000,2000,49.01,2025-07-04,已完成
PO000650,SKU00060,SUP043,WH04,2025-05-22,1000,1000,50.84,2025-07-10,已完成
PO000651,SKU00060,SUP043,WH05,2025-06-26,3500,3500,41.59,2025-08-30,已完成
PO000652,SKU00060,SUP043,WH02,2025-07-29,4500,2132,40.06,2025-10-07,部分到货
PO000653,SKU00060,SUP043,WH03,2025-09-14,3500,1498,50.56,2025-11-25,待发货
PO000654,SKU00060,SUP043,WH03,2025-10-27,2500,1909,50.09,2025-12-21,已下单
PO000655,SKU00060,SUP043,WH06,2025-12-18,4000,568,57.38,2026-02-17,在途
PO000656,SKU00061,SUP027,WH06,2025-02-04,4500,4500,43.3,2025-03-14,已完成
PO000657,SKU00061,SUP027,WH03,2025-03-24,3500,1869,44.61,2025-05-24,部分到货
PO000658,SKU00061,SUP027,WH02,2025-04-30,1500,1500,50.94,2025-06-09,已完成
PO000659,SKU00061,SUP027,WH03,2025-06-09,1500,514,44.42,2025-08-06,部分到货
PO000660,SKU00061,SUP027,WH04,2025-08-02,3000,345,52.31,2025-09-23,在途
PO000661,SKU00061,SUP027,WH03,2025-09-26,2500,772,43.13,2025-11-06,待发货
PO000662,SKU00061,SUP027,WH05,2025-11-14,4500,1224,46.25,2025-12-19,待发货
PO000663,SKU00061,SUP027,WH06,2025-12-13,2000,1163,40.42,2026-02-02,待发货
PO000664,SKU00062,SUP042,WH02,2025-10-29,150,44,57.97,2025-12-08,待发货
PO000665,SKU00062,SUP042,WH04,2025-12-15,300,222,67.08,2026-02-08,待发货
PO000666,SKU00063,SUP047,WH04,2025-01-09,2000,2000,31.94,2025-03-11,已完成
PO000667,SKU00063,SUP047,WH06,2025-03-02,400,400,33.56,2025-04-12,已完成
PO000668,SKU00063,SUP047,WH04,2025-04-04,600,600,30.4,2025-05-20,已完成
PO000669,SKU00063,SUP047,WH04,2025-05-01,1800,1800,40.48,2025-06-06,已完成
PO000670,SKU00063,SUP047,WH01,2025-05-28,600,600,43.62,2025-07-16,已完成
PO000671,SKU00063,SUP047,WH02,2025-07-20,1600,1121,38.55,2025-09-10,在途
PO000672,SKU00063,SUP047,WH01,2025-08-18,800,26,36.48,2025-10-23,在途
PO000673,SKU00063,SUP047,WH05,2025-10-11,1400,1243,41.07,2025-12-13,待发货
PO000674,SKU00063,SUP047,WH05,2025-11-09,2000,867,45.87,2025-12-23,已下单
PO000675,SKU00064,SUP013,WH06,2024-08-04,800,800,24.9,2024-11-06,已完成
PO000676,SKU00064,SUP013,WH05,2024-09-07,700,700,19.22,2024-12-07,已完成
PO000677,SKU00064,SUP013,WH03,2024-10-04,900,900,21.77,2024-12-23,已完成
PO000678,SKU00064,SUP013,WH01,2024-11-02,600,600,23.3,2025-01-02,已完成
PO000679,SKU00064,SUP013,WH03,2024-12-21,400,400,22.56,2025-03-14,已完成
PO000680,SKU00064,SUP013,WH03,2025-01-15,900,900,16.21,2025-04-16,已完成
PO000681,SKU00064,SUP013,WH05,2025-02-22,600,600,21.24,2025-05-08,已完成
PO000682,SKU00064,SUP013,WH02,2025-04-01,1000,155,26.25,2025-06-28,在途
PO000683,SKU00064,SUP013,WH01,2025-05-08,800,320,19.39,2025-07-22,部分到货
PO000684,SKU00064,SUP013,WH06,2025-06-26,600,600,23.42,2025-09-13,已完成
PO000685,SKU00064,SUP013,WH02,2025-07-29,800,103,17.61,2025-10-10,在途
PO000686,SKU00064,SUP013,WH05,2025-09-06,900,420,20.51,2025-11-23,已下单
PO000687,SKU00064,SUP013,WH01,2025-10-05,200,53,17.81,2025-12-06,在途
PO000688,SKU00064,SUP013,WH02,2025-11-13,200,2,19.08,2026-01-27,在途
PO000689,SKU00064,SUP013,WH04,2025-12-21,600,397,16.52,2026-03-23,待发货
PO000690,SKU00065,SUP009,WH03,2025-02-19,2000,2000,39.22,2025-04-01,已完成
PO000691,SKU00065,SUP009,WH02,2025-03-18,5000,5000,41.65,2025-05-25,已完成
PO000692,SKU00065,SUP009,WH06,2025-04-20,4000,4000,28.59,2025-05-28,已完成
PO000693,SKU00065,SUP009,WH02,2025-06-08,4500,4500,32.86,2025-07-31,已完成
PO000694,SKU00065,SUP009,WH02,2025-07-27,1500,1500,33.11,2025-10-06,已完成
PO000695,SKU00065,SUP009,WH06,2025-09-11,3000,2075,38.6,2025-11-08,在途
PO000696,SKU00065,SUP009,WH04,2025-10-23,5000,3032,27.57,2025-12-07,待发货
PO000697,SKU00065,SUP009,WH02,2025-12-15,1000,601,30.11,2026-02-04,在途
PO000698,SKU00066,SUP030,WH04,2024-08-28,600,600,22.17,2024-10-05,已完成
PO000699,SKU00066,SUP030,WH06,2024-09-22,200,200,19.98,2024-11-22,已完成
PO000700,SKU00066,SUP030,WH02,2024-10-28,300,300,18.89,2024-12-13,已完成
PO000701,SKU00066,SUP030,WH01,2024-12-13,700,700,17.25,2025-01-16,已完成
PO000702,SKU00066,SUP030,WH02,2025-01-11,1000,1000,18.75,2025-02-17,已完成
PO000703,SKU00066,SUP030,WH04,2025-02-15,1000,1000,21.53,2025-04-09,已完成
PO000704,SKU00066,SUP030,WH03,2025-03-12,800,800,23.41,2025-05-04,已完成
PO000705,SKU00066,SUP030,WH02,2025-04-21,900,484,19.38,2025-06-09,在途
PO000706,SKU00066,SUP030,WH01,2025-05-26,900,900,19.24,2025-07-13,已完成
PO000707,SKU00066,SUP030,WH04,2025-07-04,600,0,20.45,2025-08-20,部分到货
PO000708,SKU00066,SUP030,WH03,2025-08-10,400,400,22.02,2025-09-11,已完成
PO000709,SKU00066,SUP030,WH05,2025-09-11,700,700,22.51,2025-10-16,已完成
PO000710,SKU00066,SUP030,WH02,2025-10-12,1000,582,16.88,2025-12-13,已下单
PO000711,SKU00066,SUP030,WH05,2025-11-26,700,438,13.72,2026-01-03,在途
PO000712,SKU00067,SUP036,WH02,2025-03-05,200,200,17.13,2025-04-06,已完成
PO000713,SKU00067,SUP036,WH06,2025-04-05,150,69,24.08,2025-05-07,在途
PO000714,SKU00067,SUP036,WH02,2025-05-18,300,172,16.64,2025-06-20,部分到货
PO000715,SKU00067,SUP036,WH04,2025-07-11,250,190,16.5,2025-09-10,在途
PO000716,SKU00067,SUP036,WH01,2025-08-22,400,400,26.76,2025-10-14,已完成
PO000717,SKU00067,SUP036,WH01,2025-09-24,500,500,26.91,2025-10-26,已完成
PO000718,SKU00067,SUP036,WH01,2025-10-21,250,172,22.84,2025-12-23,在途
PO000719,SKU00067,SUP036,WH02,2025-11-21,250,135,28.43,2026-01-23,已下单
PO000720,SKU00068,SUP035,WH01,2025-09-16,500,363,24.64,2025-11-13,已下单
PO000721,SKU00068,SUP035,WH02,2025-11-01,450,338,24.26,2025-12-30,在途
PO000722,SKU00068,SUP035,WH05,2025-12-12,350,147,21.47,2026-01-23,已下单
PO000723,SKU00069,SUP011,WH04,2024-07-24,3500,3500,28.62,2024-10-13,已完成
PO000724,SKU00069,SUP011,WH05,2024-08-31,3500,3500,25.38,2024-11-12,已完成
PO000725,SKU00069,SUP011,WH03,2024-10-07,5000,5000,31.55,2024-12-20,已完成
PO000726,SKU00069,SUP011,WH06,2024-11-15,4000,4000,17.81,2025-01-12,已完成
PO000727,SKU00069,SUP011,WH02,2024-12-19,1000,1000,32.02,2025-03-20,已完成
PO000728,SKU00069,SUP011,WH02,2025-01-22,1000,1000,20.48,2025-04-09,已完成
PO000729,SKU00069,SUP011,WH01,2025-02-26,1000,1000,17.85,2025-05-12,已完成
PO000730,SKU00069,SUP011,WH03,2025-04-03,2000,1690,21.0,2025-06-08,部分到货
PO000731,SKU00069,SUP011,WH05,2025-05-06,3000,2615,28.18,2025-07-08,在途
PO000732,SKU00069,SUP011,WH04,2025-06-23,3500,2745,27.52,2025-09-19,在途
PO000733,SKU00069,SUP011,WH06,2025-08-05,1500,1151,22.95,2025-10-21,在途
PO000734,SKU00069,SUP011,WH04,2025-09-23,1000,395,30.16,2025-12-11,待发货
PO000735,SKU00069,SUP011,WH06,2025-11-14,2500,908,21.81,2026-01-11,已下单
PO000736,SKU00069,SUP011,WH05,2025-12-10,3500,2320,19.56,2026-02-15,待发货
PO000737,SKU00070,SUP014,WH02,2025-03-25,4000,4000,41.44,2025-05-22,已完成
PO000738,SKU00070,SUP014,WH03,2025-05-14,4000,4000,32.38,2025-06-22,已完成
PO000739,SKU00070,SUP014,WH01,2025-06-26,1000,378,41.51,2025-08-20,部分到货
PO000740,SKU00070,SUP014,WH05,2025-08-12,2000,376,40.49,2025-09-19,部分到货
PO000741,SKU00070,SUP014,WH02,2025-09-24,2500,170,50.38,2025-11-26,在途
PO000742,SKU00070,SUP014,WH04,2025-10-29,1500,603,39.27,2025-12-05,已下单
PO000743,SKU00070,SUP014,WH02,2025-12-03,3500,3283,46.22,2026-01-03,待发货
PO000744,SKU00071,SUP025,WH01,2024-05-14,200,200,44.15,2024-08-01,已完成
PO000745,SKU00071,SUP025,WH02,2024-06-15,250,250,40.64,2024-08-28,已完成
PO000746,SKU00071,SUP025,WH06,2024-08-06,150,150,25.79,2024-10-03,已完成
PO000747,SKU00071,SUP025,WH01,2024-09-30,200,200,31.89,2024-12-08,已完成
PO000748,SKU00071,SUP025,WH04,2024-11-19,150,150,34.59,2025-01-28,已完成
PO000749,SKU00071,SUP025,WH02,2024-12-24,250,250,36.18,2025-02-26,已完成
PO000750,SKU00071,SUP025,WH06,2025-02-11,300,300,39.39,2025-05-03,已完成
PO000751,SKU00071,SUP025,WH03,2025-03-08,400,400,28.23,2025-05-31,已完成
PO000752,SKU00071,SUP025,WH04,2025-04-11,250,250,38.46,2025-06-18,已完成
PO000753,SKU00071,SUP025,WH06,2025-05-06,150,121,38.58,2025-07-20,部分到货
PO000754,SKU00071,SUP025,WH06,2025-06-27,150,55,45.33,2025-08-18,部分到货
PO000755,SKU00071,SUP025,WH05,2025-08-07,150,75,28.57,2025-10-17,部分到货
PO000756,SKU00071,SUP025,WH02,2025-09-17,450,394,31.08,2025-11-08,在途
PO000757,SKU00071,SUP025,WH03,2025-10-27,400,260,32.14,2025-12-27,在途
PO000758,SKU00071,SUP025,WH01,2025-11-30,250,148,43.19,2026-02-21,待发货
PO000759,SKU00072,SUP030,WH02,2024-09-08,2000,2000,14.65,2024-11-18,已完成
PO000760,SKU00072,SUP030,WH01,2024-10-31,1600,1600,21.07,2025-01-01,已完成
PO000761,SKU00072,SUP030,WH02,2024-12-11,1000,1000,19.32,2025-03-01,已完成
PO000762,SKU00072,SUP030,WH04,2025-01-18,1200,1200,18.98,2025-04-03,已完成
PO000763,SKU00072,SUP030,WH02,2025-02-18,800,800,16.39,2025-04-25,已完成
PO000764,SKU00072,SUP030,WH02,2025-04-06,2000,1246,19.24,2025-06-07,在途
PO000765,SKU00072,SUP030,WH02,2025-05-06,1400,1400,16.49,2025-07-03,已完成
PO000766,SKU00072,SUP030,WH04,2025-06-28,800,730,16.33,2025-08-22,部分到货
PO000767,SKU00072,SUP030,WH01,2025-08-15,1200,149,13.25,2025-10-17,在途
PO000768,SKU00072,SUP030,WH02,2025-09-28,1200,263,13.25,2025-12-05,已下单
PO000769,SKU00072,SUP030,WH05,2025-10-25,1800,801,20.18,2025-12-26,已下单
PO000770,SKU00072,SUP030,WH02,2025-11-24,1600,248,15.47,2026-02-17,待发货
PO000771,SKU00073,SUP047,WH02,2025-10-31,1000,705,46.02,2025-12-23,待发货
PO000772,SKU00073,SUP047,WH04,2025-12-19,2500,2059,35.38,2026-01-28,在途
PO000773,SKU00074,SUP019,WH04,2024-06-09,500,500,13.23,2024-08-05,已完成
PO000774,SKU00074,SUP019,WH04,2024-07-23,800,800,12.11,2024-09-11,已完成
PO000775,SKU00074,SUP019,WH06,2024-09-09,1000,1000,13.91,2024-11-11,已完成
PO000776,SKU00074,SUP019,WH01,2024-10-29,200,200,11.02,2024-12-31,已完成
PO000777,SKU00074,SUP019,WH05,2024-12-19,200,200,11.61,2025-02-02,已完成
PO000778,SKU00074,SUP019,WH05,2025-02-05,200,200,13.16,2025-03-31,已完成
PO000779,SKU00074,SUP019,WH04,2025-04-01,200,75,10.02,2025-05-13,部分到货
PO000780,SKU00074,SUP019,WH04,2025-05-22,600,600,9.95,2025-07-20,已完成
PO000781,SKU00074,SUP019,WH04,2025-07-15,200,157,11.02,2025-09-16,在途
PO000782,SKU00074,SUP019,WH05,2025-09-01,1000,890,12.69,2025-10-08,在途
PO000783,SKU00074,SUP019,WH04,2025-09-30,800,18,11.03,2025-11-25,待发货
PO000784,SKU00074,SUP019,WH03,2025-11-22,500,153,12.36,2026-01-20,在途
PO000785,SKU00075,SUP048,WH01,2025-07-02,200,200,23.61,2025-08-25,已完成
PO000786,SKU00075,SUP048,WH06,2025-08-16,350,350,19.55,2025-10-07,已完成
PO000787,SKU00075,SUP048,WH05,2025-10-05,500,180,24.39,2025-12-01,待发货
PO000788,SKU00075,SUP048,WH02,2025-11-28,350,59,23.68,2026-01-23,在途
PO000789,SKU00076,SUP004,WH03,2024-01-30,3000,3000,20.55,2024-04-26,已完成
PO000790,SKU00076,SUP004,WH01,2024-02-27,2000,2000,20.51,2024-05-08,已完成
PO000791,SKU00076,SUP004,WH04,2024-03-31,1000,1000,23.18,2024-06-27,已完成
PO000792,SKU00076,SUP004,WH02,2024-05-12,1000,1000,15.86,2024-08-10,已完成
PO000793,SKU00076,SUP004,WH04,2024-06-27,4500,4500,18.44,2024-09-23,已完成
PO000794,SKU00076,SUP004,WH05,2024-08-10,1000,1000,16.56,2024-10-23,已完成
PO000795,SKU00076,SUP004,WH01,2024-09-24,5000,5000,15.49,2024-12-05,已完成
PO000796,SKU00076,SUP004,WH02,2024-10-20,3500,3500,23.16,2024-12-20,已完成
PO000797,SKU00076,SUP004,WH01,2024-12-05,3000,3000,13.94,2025-02-23,已完成
PO000798,SKU00076,SUP004,WH06,2025-01-12,2000,2000,16.63,2025-03-22,已完成
PO000799,SKU00076,SUP004,WH06,2025-02-27,5000,2750,24.05,2025-05-08,在途
PO000800,SKU00076,SUP004,WH04,2025-03-26,3000,2337,22.07,2025-06-13,部分到货
PO000801,SKU00076,SUP004,WH04,2025-05-16,5000,639,21.34,2025-07-18,部分到货
PO000802,SKU00076,SUP004,WH05,2025-06-18,3500,697,15.77,2025-09-18,部分到货
PO000803,SKU00076,SUP004,WH04,2025-07-14,1500,1031,20.31,2025-10-14,在途
PO000804,SKU00076,SUP004,WH03,2025-09-02,3000,740,19.97,2025-11-27,已下单
PO000805,SKU00076,SUP004,WH05,2025-10-16,3500,1650,21.73,2025-12-22,已下单
PO000806,SKU00076,SUP004,WH02,2025-11-25,4500,3029,24.6,2026-02-03,已下单
PO000807,SKU00076,SUP004,WH06,2025-12-20,1500,1135,21.83,2026-02-18,待发货
PO000808,SKU00077,SUP011,WH03,2025-05-13,400,400,12.55,2025-08-06,已完成
PO000809,SKU00077,SUP011,WH06,2025-07-02,250,250,11.99,2025-08-30,已完成
PO000810,SKU00077,SUP011,WH05,2025-08-21,150,78,16.01,2025-11-07,待发货
PO000811,SKU00077,SUP011,WH06,2025-09-18,350,189,17.6,2025-12-07,待发货
PO000812,SKU00077,SUP011,WH03,2025-11-08,200,175,13.62,2026-01-18,待发货
PO000813,SKU00077,SUP011,WH02,2025-12-18,100,59,17.04,2026-02-23,待发货
PO000814,SKU00078,SUP012,WH06,2024-02-22,450,450,14.22,2024-05-23,已完成
PO000815,SKU00078,SUP012,WH05,2024-04-03,300,300,19.81,2024-06-27,已完成
PO000816,SKU00078,SUP012,WH01,2024-05-04,350,350,24.85,2024-07-30,已完成
PO000817,SKU00078,SUP012,WH04,2024-06-06,100,100,20.86,2024-08-31,已完成
PO000818,SKU00078,SUP012,WH02,2024-07-27,200,200,20.5,2024-10-24,已完成
PO000819,SKU00078,SUP012,WH06,2024-09-17,300,300,13.94,2024-12-11,已完成
PO000820,SKU00078,SUP012,WH02,2024-10-25,150,150,17.9,2025-01-29,已完成
PO000821,SKU00078,SUP012,WH05,2024-12-15,300,300,17.09,2025-03-03,已完成
PO000822,SKU00078,SUP012,WH02,2025-01-12,350,350,24.2,2025-03-20,已完成
PO000823,SKU00078,SUP012,WH04,2025-02-20,500,500,24.1,2025-04-27,已完成
PO000824,SKU00078,SUP012,WH06,2025-03-21,250,207,17.18,2025-06-15,在途
PO000825,SKU00078,SUP012,WH02,2025-04-25,200,200,22.0,2025-07-05,已完成
PO000826,SKU00078,SUP012,WH01,2025-06-03,400,118,14.09,2025-09-09,在途
PO000827,SKU00078,SUP012,WH01,2025-07-25,150,14,22.49,2025-10-19,部分到货
PO000828,SKU00078,SUP012,WH03,2025-09-11,300,182,16.01,2025-11-16,已下单
PO000829,SKU00078,SUP012,WH05,2025-10-12,250,75,18.7,2026-01-03,待发货
PO000830,SKU00078,SUP012,WH03,2025-11-09,300,32,24.72,2026-01-22,在途
PO000831,SKU00078,SUP012,WH05,2025-12-21,500,166,17.28,2026-03-02,在途
PO000832,SKU00079,SUP044,WH02,2024-01-28,600,600,24.97,2024-04-04,已完成
PO000833,SKU00079,SUP044,WH01,2024-03-12,700,700,26.16,2024-05-31,已完成
PO000834,SKU00079,SUP044,WH04,2024-04-21,200,200,24.62,2024-06-18,已完成
PO000835,SKU00079,SUP044,WH06,2024-05-29,800,800,35.56,2024-07-31,已完成
PO000836,SKU00079,SUP044,WH03,2024-07-11,900,900,30.24,2024-09-23,已完成
PO000837,SKU00079,SUP044,WH04,2024-08-11,1000,1000,34.99,2024-10-07,已完成
PO000838,SKU00079,SUP044,WH04,2024-09-07,900,900,29.8,2024-11-04,已完成
PO000839,SKU00079,SUP044,WH02,2024-10-22,900,900,42.65,2025-01-12,已完成
PO000840,SKU00079,SUP044,WH04,2024-11-20,600,600,27.24,2025-02-03,已完成
PO000841,SKU00079,SUP044,WH04,2025-01-13,700,700,33.37,2025-03-26,已完成
PO000842,SKU00079,SUP044,WH03,2025-02-09,900,900,33.19,2025-04-09,已完成
PO000843,SKU00079,SUP044,WH05,2025-04-02,400,218,33.79,2025-06-11,部分到货
PO000844,SKU00079,SUP044,WH03,2025-05-09,300,300,34.29,2025-07-20,已完成
PO000845,SKU00079,SUP044,WH05,2025-06-15,800,800,26.75,2025-08-21,已完成
PO000846,SKU00079,SUP044,WH02,2025-07-25,800,618,35.46,2025-09-19,部分到货
PO000847,SKU00079,SUP044,WH06,2025-09-13,800,179,36.91,2025-11-25,已下单
PO000848,SKU00079,SUP044,WH05,2025-10-10,900,395,34.74,2025-12-08,已下单
PO000849,SKU00079,SUP044,WH04,2025-11-30,900,59,25.73,2026-02-01,待发货
PO000850,SKU00080,SUP037,WH04,2024-03-24,800,800,12.54,2024-06-16,已完成
PO000851,SKU00080,SUP037,WH02,2024-04-19,300,300,14.22,2024-07-05,已完成
PO000852,SKU00080,SUP037,WH06,2024-06-11,200,200,9.11,2024-08-23,已完成
PO000853,SKU00080,SUP037,WH05,2024-07-23,600,600,12.07,2024-10-19,已完成
PO000854,SKU00080,SUP037,WH03,2024-08-23,500,500,12.02,2024-11-15,已完成
PO000855,SKU00080,SUP037,WH06,2024-10-16,600,600,14.87,2025-01-15,已完成
PO000856,SKU00080,SUP037,WH05,2024-11-21,300,300,14.9,2025-01-24,已完成
PO000857,SKU00080,SUP037,WH01,2024-12-28,400,400,10.63,2025-03-20,已完成
PO000858,SKU00080,SUP037,WH06,2025-02-08,200,200,11.95,2025-04-13,已完成
PO000859,SKU00080,SUP037,WH02,2025-03-16,300,300,11.06,2025-06-06,已完成
PO000860,SKU00080,SUP037,WH04,2025-04-28,800,289,11.85,2025-07-21,在途
PO000861,SKU00080,SUP037,WH02,2025-06-13,400,211,13.91,2025-09-15,在途
PO000862,SKU00080,SUP037,WH06,2025-07-19,800,95,8.15,2025-09-30,部分到货
PO000863,SKU00080,SUP037,WH04,2025-09-02,200,125,14.82,2025-11-14,已下单
PO000864,SKU00080,SUP037,WH04,2025-10-01,300,245,14.26,2025-12-12,已下单
PO000865,SKU00080,SUP037,WH05,2025-11-17,800,322,13.75,2026-01-31,待发货
PO000866,SKU00080,SUP037,WH04,2025-12-24,700,402,12.07,2026-03-12,在途
PO000867,SKU00081,SUP003,WH04,2025-07-19,250,220,13.01,2025-10-12,部分到货
PO000868,SKU00081,SUP003,WH03,2025-08-14,100,10,12.3,2025-11-05,已下单
PO000869,SKU00081,SUP003,WH06,2025-09-30,150,75,15.12,2025-12-01,已下单
PO000870,SKU00081,SUP003,WH01,2025-11-18,300,149,13.26,2026-02-08,已下单
PO000871,SKU00081,SUP003,WH06,2025-12-20,450,230,13.03,2026-02-15,已下单
PO000872,SKU00082,SUP038,WH04,2025-10-14,1400,681,25.77,2025-11-26,待发货
PO000873,SKU00082,SUP038,WH03,2025-12-01,1400,384,18.93,2026-02-08,待发货
PO000874,SKU00083,SUP043,WH01,2024-06-19,1200,1200,26.42,2024-08-16,已完成
PO000875,SKU00083,SUP043,WH06,2024-08-01,800,800,31.73,2024-09-15,已完成
PO000876,SKU00083,SUP043,WH04,2024-09-20,400,400,18.37,2024-11-19,已完成
PO000877,SKU00083,SUP043,WH03,2024-10-31,600,600,19.11,2024-12-29,已完成
PO000878,SKU00083,SUP043,WH01,2024-12-03,1200,1200,28.07,2025-01-30,已完成
PO000879,SKU00083,SUP043,WH06,2025-01-16,800,800,23.73,2025-03-08,已完成
PO000880,SKU00083,SUP043,WH04,2025-03-07,800,800,19.82,2025-05-04,已完成
PO000881,SKU00083,SUP043,WH02,2025-04-17,400,400,25.92,2025-06-19,已完成
PO000882,SKU00083,SUP043,WH04,2025-06-07,800,180,23.64,2025-08-19,在途
PO000883,SKU00083,SUP043,WH06,2025-07-22,800,800,29.54,2025-09-15,已完成
PO000884,SKU00083,SUP043,WH02,2025-08-17,1200,528,24.17,2025-10-05,在途
PO000885,SKU00083,SUP043,WH06,2025-09-26,2000,1340,24.14,2025-11-21,待发货
PO000886,SKU00083,SUP043,WH03,2025-10-25,2000,1761,23.76,2026-01-02,在途
PO000887,SKU00083,SUP043,WH01,2025-12-10,1400,129,24.98,2026-02-23,已下单
PO000888,SKU00084,SUP026,WH03,2024-08-26,600,600,20.07,2024-11-01,已完成
PO000889,SKU00084,SUP026,WH04,2024-09-23,600,600,27.16,2024-12-03,已完成
PO000890,SKU00084,SUP026,WH05,2024-11-10,500,500,21.06,2025-01-07,已完成
PO000891,SKU00084,SUP026,WH05,2024-12-27,400,400,16.48,2025-03-03,已完成
PO000892,SKU00084,SUP026,WH04,2025-01-21,300,300,17.7,2025-03-08,已完成
PO000893,SKU00084,SUP026,WH02,2025-02-18,900,900,26.49,2025-04-27,已完成
PO000894,SKU00084,SUP026,WH05,2025-03-23,500,500,17.62,2025-05-10,已完成
PO000895,SKU00084,SUP026,WH01,2025-05-17,500,500,28.33,2025-07-09,已完成
PO000896,SKU00084,SUP026,WH06,2025-06-15,800,800,18.91,2025-08-11,已完成
PO000897,SKU00084,SUP026,WH04,2025-07-19,900,900,29.25,2025-09-07,已完成
PO000898,SKU00084,SUP026,WH02,2025-08-21,800,593,20.22,2025-10-26,部分到货
PO000899,SKU00084,SUP026,WH01,2025-09-16,800,196,27.71,2025-11-25,待发货
PO000900,SKU00084,SUP026,WH02,2025-10-16,900,521,18.83,2025-12-05,待发货
PO000901,SKU00084,SUP026,WH04,2025-11-25,300,62,25.34,2026-01-19,已下单
PO000902,SKU00085,SUP021,WH01,2025-03-10,300,300,18.77,2025-04-12,已完成
PO000903,SKU00085,SUP021,WH04,2025-04-22,300,300,19.92,2025-06-16,已完成
PO000904,SKU00085,SUP021,WH03,2025-06-06,100,14,22.66,2025-07-05,在途
PO000905,SKU00085,SUP021,WH04,2025-07-13,100,100,24.9,2025-09-10,已完成
PO000906,SKU00085,SUP021,WH04,2025-08-19,150,135,30.05,2025-09-29,在途
PO000907,SKU00085,SUP021,WH06,2025-09-28,150,43,18.5,2025-11-16,待发货
PO000908,SKU00085,SUP021,WH03,2025-11-22,150,11,24.62,2026-01-11,已下单
PO000909,SKU00086,SUP040,WH05,2025-03-16,250,250,14.58,2025-04-27,已完成
PO000910,SKU00086,SUP040,WH01,2025-04-22,250,149,18.44,2025-06-11,在途
PO000911,SKU00086,SUP040,WH01,2025-05-19,450,450,16.44,2025-07-01,已完成
PO000912,SKU00086,SUP040,WH01,2025-07-06,250,188,21.88,2025-09-06,部分到货
PO000913,SKU00086,SUP040,WH01,2025-08-15,500,161,18.18,2025-10-13,在途
PO000914,SKU00086,SUP040,WH02,2025-10-02,100,76,22.17,2025-11-27,在途
PO000915,SKU00086,SUP040,WH05,2025-11-10,500,110,14.97,2025-12-20,已下单
PO000916,SKU00086,SUP040,WH01,2025-12-28,200,89,25.2,2026-02-28,已下单
PO000917,SKU00087,SUP014,WH06,2025-06-07,800,800,19.54,2025-07-12,已完成
PO000918,SKU00087,SUP014,WH02,2025-07-11,600,600,32.16,2025-09-13,已完成
PO000919,SKU00087,SUP014,WH05,2025-08-07,600,455,22.28,2025-09-18,部分到货
PO000920,SKU00087,SUP014,WH06,2025-09-26,1000,644,23.95,2025-11-27,待发货
PO000921,SKU00087,SUP014,WH02,2025-11-11,2000,1452,28.27,2025-12-24,待发货
PO000922,SKU00087,SUP014,WH02,2025-12-16,600,431,21.44,2026-01-27,待发货
PO000923,SKU00088,SUP005,WH02,2024-11-16,400,400,38.03,2025-02-02,已完成
PO000924,SKU00088,SUP005,WH06,2024-12-12,400,400,32.34,2025-02-06,已完成
PO000925,SKU00088,SUP005,WH04,2025-01-30,400,400,22.67,2025-03-22,已完成
PO000926,SKU00088,SUP005,WH06,2025-02-24,400,400,33.05,2025-04-20,已完成
PO000927,SKU00088,SUP005,WH06,2025-04-18,600,72,23.81,2025-07-03,在途
PO000928,SKU00088,SUP005,WH02,2025-05-21,1000,891,32.3,2025-08-07,在途
PO000929,SKU00088,SUP005,WH01,2025-06-16,400,400,32.61,2025-09-05,已完成
PO000930,SKU00088,SUP005,WH01,2025-08-05,600,317,24.69,2025-10-16,部分到货
PO000931,SKU00088,SUP005,WH05,2025-09-15,300,62,35.21,2025-11-27,已下单
PO000932,SKU00088,SUP005,WH02,2025-10-31,500,53,23.92,2026-01-06,在途
PO000933,SKU00088,SUP005,WH02,2025-12-22,900,572,21.99,2026-03-13,在途
PO000934,SKU00089,SUP011,WH04,2024-09-17,3000,3000,23.5,2024-11-30,已完成
PO000935,SKU00089,SUP011,WH01,2024-10-31,4500,4500,31.61,2025-01-02,已完成
PO000936,SKU00089,SUP011,WH02,2024-12-24,5000,5000,32.36,2025-03-06,已完成
PO000937,SKU00089,SUP011,WH01,2025-02-02,5000,5000,34.17,2025-04-11,已完成
PO000938,SKU00089,SUP011,WH02,2025-03-22,4500,3193,34.23,2025-06-11,在途
PO000939,SKU00089,SUP011,WH01,2025-04-23,1500,1500,23.27,2025-07-13,已完成
PO000940,SKU00089,SUP011,WH01,2025-05-31,2500,2500,27.14,2025-08-24,已完成
PO000941,SKU00089,SUP011,WH02,2025-07-10,1000,881,26.88,2025-10-06,在途
PO000942,SKU00089,SUP011,WH06,2025-08-16,3500,645,25.28,2025-10-24,部分到货
PO000943,SKU00089,SUP011,WH01,2025-09-18,2500,1644,20.33,2025-12-09,在途
PO000944,SKU00089,SUP011,WH04,2025-10-17,1500,243,25.03,2026-01-15,待发货
PO000945,SKU00089,SUP011,WH05,2025-12-09,3000,2580,28.92,2026-02-18,已下单
PO000946,SKU00090,SUP020,WH04,2025-11-24,150,122,20.8,2026-02-20,已下单
PO000947,SKU00091,SUP043,WH06,2024-09-29,300,300,32.75,2024-11-03,已完成
PO000948,SKU00091,SUP043,WH03,2024-11-20,250,250,32.88,2025-01-09,已完成
PO000949,SKU00091,SUP043,WH04,2024-12-22,200,200,44.09,2025-01-26,已完成
PO000950,SKU00091,SUP043,WH01,2025-01-17,450,450,32.7,2025-03-25,已完成
PO000951,SKU00091,SUP043,WH04,2025-02-23,450,450,34.13,2025-04-05,已完成
PO000952,SKU00091,SUP043,WH06,2025-03-22,500,500,38.99,2025-04-26,已完成
PO000953,SKU00091,SUP043,WH03,2025-05-16,250,56,44.48,2025-06-28,部分到货
PO000954,SKU00091,SUP043,WH06,2025-06-10,450,450,33.39,2025-08-03,已完成
PO000955,SKU00091,SUP043,WH02,2025-07-23,100,83,32.29,2025-09-25,部分到货
PO000956,SKU00091,SUP043,WH06,2025-09-11,350,0,36.84,2025-11-14,已下单
PO000957,SKU00091,SUP043,WH03,2025-10-18,350,141,29.5,2025-12-25,在途
PO000958,SKU00091,SUP043,WH01,2025-12-12,500,294,30.86,2026-01-29,已下单
PO000959,SKU00092,SUP008,WH01,2024-09-06,500,500,14.49,2024-11-30,已完成
PO000960,SKU00092,SUP008,WH03,2024-10-12,450,450,17.39,2024-12-15,已完成
PO000961,SKU00092,SUP008,WH05,2024-11-26,500,500,21.28,2025-01-31,已完成
PO000962,SKU00092,SUP008,WH02,2024-12-27,200,200,19.35,2025-03-20,已完成
PO000963,SKU00092,SUP008,WH06,2025-02-10,450,450,21.86,2025-04-26,已完成
PO000964,SKU00092,SUP008,WH03,2025-03-17,350,18,17.46,2025-06-04,在途
PO000965,SKU00092,SUP008,WH04,2025-04-25,450,450,21.29,2025-07-28,已完成
PO000966,SKU00092,SUP008,WH05,2025-06-10,500,174,20.87,2025-08-29,在途
PO000967,SKU00092,SUP008,WH01,2025-07-27,150,11,23.42,2025-10-09,部分到货
PO000968,SKU00092,SUP008,WH03,2025-08-30,150,15,14.91,2025-11-06,在途
PO000969,SKU00092,SUP008,WH01,2025-09-28,250,69,24.23,2026-01-01,已下单
PO000970,SKU00092,SUP008,WH04,2025-11-09,200,84,20.55,2026-02-09,待发货
PO000971,SKU00092,SUP008,WH02,2025-12-13,250,198,19.13,2026-02-17,在途
PO000972,SKU00093,SUP018,WH04,2024-05-06,1400,1400,26.85,2024-07-30,已完成
PO000973,SKU00093,SUP018,WH04,2024-06-22,2000,2000,22.44,2024-09-23,已完成
PO000974,SKU00093,SUP018,WH03,2024-07-21,1200,1200,21.26,2024-10-04,已完成
PO000975,SKU00093,SUP018,WH02,2024-08-26,1200,1200,23.19,2024-11-02,已完成
PO000976,SKU00093,SUP018,WH06,2024-10-04,800,800,25.97,2024-12-18,已完成
PO000977,SKU00093,SUP018,WH02,2024-11-03,800,800,21.43,2025-01-16,已完成
PO000978,SKU00093,SUP018,WH04,2024-11-29,1400,1400,21.77,2025-02-10,已完成
PO000979,SKU00093,SUP018,WH06,2024-12-29,1000,1000,22.64,2025-03-06,已完成
PO000980,SKU00093,SUP018,WH05,2025-02-03,800,741,25.94,2025-05-02,在途
PO000981,SKU00093,SUP018,WH02,2025-03-03,400,360,31.96,2025-06-01,在途
PO000982,SKU00093,SUP018,WH06,2025-04-01,400,268,25.03,2025-07-07,部分到货
PO000983,SKU00093,SUP018,WH06,2025-05-05,800,85,25.11,2025-08-06,部分到货
PO000984,SKU00093,SUP018,WH01,2025-05-31,800,305,30.63,2025-08-11,部分到货
PO000985,SKU00093,SUP018,WH01,2025-07-09,1400,808,20.78,2025-09-17,部分到货
PO000986,SKU00093,SUP018,WH01,2025-08-19,1000,79,30.76,2025-11-09,在途
PO000987,SKU00093,SUP018,WH02,2025-10-04,600,279,27.0,2026-01-09,待发货
PO000988,SKU00093,SUP018,WH02,2025-11-14,400,272,24.33,2026-02-10,待发货
PO000989,SKU00093,SUP018,WH03,2025-12-21,1400,467,32.72,2026-02-24,待发货
PO000990,SKU00094,SUP046,WH06,2024-06-27,600,600,40.01,2024-08-19,已完成
PO000991,SKU00094,SUP046,WH03,2024-08-14,1600,1600,25.91,2024-10-21,已完成
PO000992,SKU00094,SUP046,WH02,2024-10-01,1600,1600,38.99,2024-12-06,已完成
PO000993,SKU00094,SUP046,WH02,2024-11-14,600,600,28.62,2025-01-02,已完成
PO000994,SKU00094,SUP046,WH01,2025-01-05,2000,2000,40.89,2025-03-07,已完成
PO000995,SKU00094,SUP046,WH01,2025-02-17,1600,1600,30.69,2025-04-03,已完成
PO000996,SKU00094,SUP046,WH05,2025-04-12,1200,1200,31.72,2025-06-17,已完成
PO000997,SKU00094,SUP046,WH04,2025-05-25,800,800,28.36,2025-07-16,已完成
PO000998,SKU00094,SUP046,WH03,2025-07-04,400,400,32.34,2025-09-01,已完成
PO000999,SKU00094,SUP046,WH01,2025-08-21,1800,263,28.56,2025-10-14,在途
PO001000,SKU00094,SUP046,WH06,2025-10-05,1800,1526,30.84,2025-11-21,已下单
PO001001,SKU00094,SUP046,WH03,2025-11-14,1000,468,41.62,2025-12-25,在途
PO001002,SKU00094,SUP046,WH04,2025-12-28,1400,1154,34.95,2026-03-08,已下单
PO001003,SKU00095,SUP041,WH06,2025-10-23,600,327,35.9,2026-01-13,已下单
PO001004,SKU00095,SUP041,WH04,2025-11-22,400,333,23.24,2026-01-29,待发货
PO001005,SKU00095,SUP041,WH04,2025-12-22,400,241,37.86,2026-03-08,待发货
PO001006,SKU00096,SUP017,WH05,2025-04-16,300,300,27.93,2025-06-20,已完成
PO001007,SKU00096,SUP017,WH05,2025-05-31,200,200,30.57,2025-07-08,已完成
PO001008,SKU00096,SUP017,WH01,2025-07-05,300,152,31.17,2025-08-23,部分到货
PO001009,SKU00096,SUP017,WH03,2025-08-03,100,100,31.61,2025-09-12,已完成
PO001010,SKU00096,SUP017,WH01,2025-09-12,400,82,34.28,2025-11-04,在途
PO001011,SKU00096,SUP017,WH06,2025-11-02,250,130,39.48,2026-01-06,已下单
PO001012,SKU00096,SUP017,WH01,2025-11-30,400,311,42.91,2026-01-30,在途
PO001013,SKU00097,SUP028,WH04,2025-09-10,1200,1014,45.64,2025-11-01,在途
PO001014,SKU00097,SUP028,WH03,2025-10-29,1400,38,51.25,2025-12-08,已下单
PO001015,SKU00097,SUP028,WH02,2025-11-30,800,233,35.6,2026-01-07,已下单
PO001016,SKU00097,SUP028,WH01,2025-12-27,1600,1177,49.77,2026-02-01,在途
PO001017,SKU00098,SUP022,WH06,2024-01-01,300,300,42.84,2024-03-10,已完成
PO001018,SKU00098,SUP022,WH03,2024-01-27,900,900,30.85,2024-04-10,已完成
PO001019,SKU00098,SUP022,WH01,2024-03-01,200,200,53.21,2024-05-13,已完成
PO001020,SKU00098,SUP022,WH06,2024-04-01,500,500,38.71,2024-06-18,已完成
PO001021,SKU00098,SUP022,WH05,2024-04-28,400,400,38.62,2024-07-21,已完成
PO001022,SKU00098,SUP022,WH05,2024-05-28,1000,1000,44.29,2024-08-18,已完成
PO001023,SKU00098,SUP022,WH02,2024-06-25,200,200,48.0,2024-10-03,已完成
PO001024,SKU00098,SUP022,WH05,2024-08-19,600,600,29.86,2024-11-04,已完成
PO001025,SKU00098,SUP022,WH05,2024-10-06,300,300,51.46,2024-12-25,已完成
PO001026,SKU00098,SUP022,WH04,2024-11-15,700,700,46.92,2025-02-01,已完成
PO001027,SKU00098,SUP022,WH04,2024-12-13,400,400,40.56,2025-03-12,已完成
PO001028,SKU00098,SUP022,WH01,2025-01-23,500,500,49.17,2025-04-26,已完成
PO001029,SKU00098,SUP022,WH05,2025-02-27,300,300,33.22,2025-06-03,已完成
PO001030,SKU00098,SUP022,WH01,2025-04-17,700,700,38.12,2025-07-11,已完成
PO001031,SKU00098,SUP022,WH05,2025-05-15,800,559,47.27,2025-08-08,在途
PO001032,SKU00098,SUP022,WH04,2025-07-05,900,900,37.16,2025-09-24,已完成
PO001033,SKU00098,SUP022,WH04,2025-08-26,800,713,39.12,2025-11-13,在途
PO001034,SKU00098,SUP022,WH04,2025-09-20,900,446,47.0,2025-12-02,待发货
PO001035,SKU00098,SUP022,WH06,2025-10-18,400,224,32.34,2026-01-18,待发货
PO001036,SKU00098,SUP022,WH02,2025-12-11,400,128,44.92,2026-02-20,待发货
PO001037,SKU00099,SUP011,WH06,2024-09-02,2500,2500,29.34,2024-11-30,已完成
PO001038,SKU00099,SUP011,WH03,2024-10-21,3000,3000,28.93,2025-01-16,已完成
PO001039,SKU00099,SUP011,WH05,2024-12-04,4000,4000,25.46,2025-03-07,已完成
PO001040,SKU00099,SUP011,WH01,2025-01-22,4500,4500,24.96,2025-03-31,已完成
PO001041,SKU00099,SUP011,WH01,2025-03-03,2500,2500,33.54,2025-05-12,已完成
PO001042,SKU00099,SUP011,WH02,2025-04-23,1500,1500,27.29,2025-07-25,已完成
PO001043,SKU00099,SUP011,WH05,2025-06-08,3500,2072,33.94,2025-08-18,部分到货
PO001044,SKU00099,SUP011,WH02,2025-07-24,5000,1394,29.32,2025-10-25,部分到货
PO001045,SKU00099,SUP011,WH05,2025-09-03,3000,50,34.0,2025-11-25,已下单
PO001046,SKU00099,SUP011,WH03,2025-10-11,1500,1215,28.34,2026-01-05,待发货
PO001047,SKU00099,SUP011,WH06,2025-11-06,1000,817,25.89,2026-01-18,已下单
PO001048,SKU00099,SUP011,WH02,2025-12-23,2000,593,27.4,2026-03-26,待发货
PO001049,SKU00100,SUP036,WH04,2025-02-18,450,450,42.35,2025-04-23,已完成
PO001050,SKU00100,SUP036,WH04,2025-03-20,500,500,35.03,2025-04-26,已完成
PO001051,SKU00100,SUP036,WH03,2025-05-02,400,23,43.04,2025-06-27,部分到货
PO001052,SKU00100,SUP036,WH06,2025-05-31,350,350,36.94,2025-07-26,已完成
PO001053,SKU00100,SUP036,WH04,2025-06-28,400,133,44.77,2025-08-23,部分到货
PO001054,SKU00100,SUP036,WH01,2025-07-30,250,250,50.88,2025-09-21,已完成
PO001055,SKU00100,SUP036,WH02,2025-08-26,300,5,36.57,2025-10-06,部分到货
PO001056,SKU00100,SUP036,WH03,2025-10-04,400,7,40.08,2025-12-09,待发货
PO001057,SKU00100,SUP036,WH04,2025-10-29,350,107,30.97,2025-12-26,已下单
PO001058,SKU00100,SUP036,WH04,2025-12-08,150,71,47.31,2026-01-24,待发货
