SKU编码,SKU名称,品类,供应商ID,单价,重量kg,上市日期,生命周期月数,季节性强度,退货率,最小起订量,采购提前期天数
SKU00001,服装鞋履-商品0001,服装鞋履,SUP008,53.54,0.48,2025-10-16,18,0.8,0.15,50,32
SKU00002,服装鞋履-商品0002,服装鞋履,SUP015,56.45,0.69,2024-09-07,18,0.8,0.15,100,21
SKU00003,服装鞋履-商品0003,服装鞋履,SUP048,41.46,0.47,2025-11-23,18,0.8,0.15,50,52
SKU00004,服装鞋履-商品0004,服装鞋履,SUP003,78.21,0.6,2025-03-08,18,0.8,0.15,50,20
SKU00005,服装鞋履-商品0005,服装鞋履,SUP015,38.18,0.57,2024-08-11,18,0.8,0.15,50,50
SKU00006,服装鞋履-商品0006,服装鞋履,SUP046,38.26,0.44,2024-07-22,18,0.8,0.15,500,29
SKU00007,服装鞋履-商品0007,服装鞋履,SUP038,48.98,0.26,2025-04-04,18,0.8,0.15,200,15
SKU00008,服装鞋履-商品0008,服装鞋履,SUP045,24.6,0.43,2024-06-12,18,0.8,0.15,500,36
SKU00009,服装鞋履-商品0009,服装鞋履,SUP010,31.57,0.54,2024-10-11,18,0.8,0.15,100,36
SKU00010,服装鞋履-商品0010,服装鞋履,SUP006,32.75,0.32,2024-04-14,18,0.8,0.15,500,21
SKU00011,服装鞋履-商品0011,服装鞋履,SUP023,75.16,0.47,2025-01-02,18,0.8,0.15,200,17
SKU00012,服装鞋履-商品0012,服装鞋履,SUP035,46.08,0.32,2025-04-15,18,0.8,0.15,50,39
SKU00013,服装鞋履-商品0013,服装鞋履,SUP036,37.19,0.51,2024-03-21,18,0.8,0.15,200,55
SKU00014,服装鞋履-商品0014,服装鞋履,SUP024,30.08,0.55,2025-09-25,18,0.8,0.15,100,19
SKU00015,服装鞋履-商品0015,服装鞋履,SUP043,36.47,0.46,2024-02-16,18,0.8,0.15,100,33
SKU00016,服装鞋履-商品0016,服装鞋履,SUP015,36.45,0.73,2024-03-22,18,0.8,0.15,50,39
SKU00017,服装鞋履-商品0017,服装鞋履,SUP030,44.79,0.37,2024-10-11,18,0.8,0.15,200,25
SKU00018,服装鞋履-商品0018,服装鞋履,SUP023,60.01,0.35,2025-01-14,18,0.8,0.15,100,32
SKU00019,服装鞋履-商品0019,服装鞋履,SUP044,48.41,0.26,2025-12-19,18,0.8,0.15,50,53
SKU00020,服装鞋履-商品0020,服装鞋履,SUP011,28.27,0.52,2025-10-12,18,0.8,0.15,100,25
SKU00021,服装鞋履-商品0021,服装鞋履,SUP025,58.27,0.52,2025-04-18,18,0.8,0.15,200,55
SKU00022,服装鞋履-商品0022,服装鞋履,SUP036,43.21,0.46,2025-12-05,18,0.8,0.15,100,35
SKU00023,服装鞋履-商品0023,服装鞋履,SUP015,26.82,0.41,2024-02-27,18,0.8,0.15,50,35
SKU00024,服装鞋履-商品0024,服装鞋履,SUP018,38.3,0.63,2025-02-14,18,0.8,0.15,50,28
SKU00025,服装鞋履-商品0025,服装鞋履,SUP046,50.75,0.28,2025-08-03,18,0.8,0.15,200,28
SKU00026,服装鞋履-商品0026,服装鞋履,SUP032,50.41,0.45,2025-11-02,18,0.8,0.15,500,44
SKU00027,服装鞋履-商品0027,服装鞋履,SUP017,35.51,0.58,2024-05-26,18,0.8,0.15,100,30
SKU00028,服装鞋履-商品0028,服装鞋履,SUP035,64.55,0.62,2025-07-28,18,0.8,0.15,200,52
SKU00029,服装鞋履-商品0029,服装鞋履,SUP038,33.55,0.46,2025-03-14,18,0.8,0.15,500,38
SKU00030,服装鞋履-商品0030,服装鞋履,SUP009,50.53,0.62,2024-08-12,18,0.8,0.15,500,20
SKU00031,服装鞋履-商品0031,服装鞋履,SUP008,38.05,0.48,2024-02-18,18,0.8,0.15,100,55
SKU00032,服装鞋履-商品0032,服装鞋履,SUP044,30.55,0.35,2024-06-12,18,0.8,0.15,500,53
SKU00033,服装鞋履-商品0033,服装鞋履,SUP025,59.8,0.67,2024-03-06,18,0.8,0.15,500,53
SKU00034,服装鞋履-商品0034,服装鞋履,SUP034,43.88,0.63,2025-04-24,18,0.8,0.15,200,50
SKU00035,服装鞋履-商品0035,服装鞋履,SUP044,51.07,0.42,2024-01-12,18,0.8,0.15,50,49
SKU00036,服装鞋履-商品0036,服装鞋履,SUP050,51.07,0.69,2024-09-30,18,0.8,0.15,200,22
SKU00037,服装鞋履-商品0037,服装鞋履,SUP028,44.44,0.7,2024-10-27,18,0.8,0.15,100,44
SKU00038,服装鞋履-商品0038,服装鞋履,SUP047,17.99,0.6,2024-01-04,18,0.8,0.15,200,47
SKU00039,服装鞋履-商品0039,服装鞋履,SUP033,46.39,0.46,2024-07-01,18,0.8,0.15,50,55
SKU00040,服装鞋履-商品0040,服装鞋履,SUP041,46.47,0.25,2024-11-01,18,0.8,0.15,100,24
SKU00041,服装鞋履-商品0041,服装鞋履,SUP049,41.67,0.54,2025-01-17,18,0.8,0.15,100,49
SKU00042,服装鞋履-商品0042,服装鞋履,SUP001,75.48,0.44,2025-06-27,18,0.8,0.15,200,46
SKU00043,服装鞋履-商品0043,服装鞋履,SUP008,33.91,0.44,2024-01-20,18,0.8,0.15,200,34
SKU00044,服装鞋履-商品0044,服装鞋履,SUP004,61.99,0.54,2024-09-02,18,0.8,0.15,100,51
SKU00045,服装鞋履-商品0045,服装鞋履,SUP006,37.38,0.56,2024-03-21,18,0.8,0.15,500,19
SKU00046,服装鞋履-商品0046,服装鞋履,SUP050,46.56,0.62,2025-06-29,18,0.8,0.15,100,23
SKU00047,服装鞋履-商品0047,服装鞋履,SUP031,35.2,0.46,2025-11-06,18,0.8,0.15,100,31
SKU00048,服装鞋履-商品0048,服装鞋履,SUP039,39.23,0.32,2025-06-24,18,0.8,0.15,500,28
SKU00049,服装鞋履-商品0049,服装鞋履,SUP049,49.91,0.53,2025-07-06,18,0.8,0.15,100,34
SKU00050,服装鞋履-商品0050,服装鞋履,SUP043,45.08,0.47,2025-02-12,18,0.8,0.15,200,43
SKU00051,服装鞋履-商品0051,服装鞋履,SUP029,27.42,0.45,2025-06-13,18,0.8,0.15,50,30
SKU00052,服装鞋履-商品0052,服装鞋履,SUP005,39.91,0.4,2024-08-18,18,0.8,0.15,200,16
SKU00053,服装鞋履-商品0053,服装鞋履,SUP036,42.53,0.55,2025-08-25,18,0.8,0.15,100,52
SKU00054,服装鞋履-商品0054,服装鞋履,SUP001,87.08,0.52,2024-08-13,18,0.8,0.15,50,55
SKU00055,服装鞋履-商品0055,服装鞋履,SUP015,49.24,0.49,2024-03-01,18,0.8,0.15,50,17
SKU00056,服装鞋履-商品0056,服装鞋履,SUP005,22.99,0.5,2024-12-04,18,0.8,0.15,100,32
SKU00057,服装鞋履-商品0057,服装鞋履,SUP032,45.96,0.81,2025-11-16,18,0.8,0.15,100,49
SKU00058,服装鞋履-商品0058,服装鞋履,SUP047,42.07,0.54,2024-05-15,18,0.8,0.15,500,30
SKU00059,服装鞋履-商品0059,服装鞋履,SUP027,44.46,0.35,2025-04-29,18,0.8,0.15,100,21
SKU00060,服装鞋履-商品0060,服装鞋履,SUP043,67.13,0.59,2024-04-09,18,0.8,0.15,500,37
SKU00061,服装鞋履-商品0061,服装鞋履,SUP027,59.35,0.39,2025-03-09,18,0.8,0.15,500,18
SKU00062,服装鞋履-商品0062,服装鞋履,SUP042,73.53,0.32,2025-11-20,18,0.8,0.15,50,18
SKU00063,服装鞋履-商品0063,服装鞋履,SUP047,55.26,0.77,2025-02-16,18,0.8,0.15,200,21
SKU00064,服装鞋履-商品0064,服装鞋履,SUP013,31.82,0.43,2024-09-11,18,0.8,0.15,100,49
SKU00065,服装鞋履-商品0065,服装鞋履,SUP009,46.6,0.44,2025-04-04,18,0.8,0.15,500,26
SKU00066,服装鞋履-商品0066,服装鞋履,SUP030,26.15,0.51,2024-10-12,18,0.8,0.15,100,19
SKU00067,服装鞋履-商品0067,服装鞋履,SUP036,31.03,0.56,2025-03-29,18,0.8,0.15,50,18
SKU00068,服装鞋履-商品0068,服装鞋履,SUP035,32.62,0.69,2025-10-29,18,0.8,0.15,50,20
SKU00069,服装鞋履-商品0069,服装鞋履,SUP011,34.21,0.46,2024-08-30,18,0.8,0.15,500,46
SKU00070,服装鞋履-商品0070,服装鞋履,SUP014,59.82,0.35,2025-05-07,18,0.8,0.15,500,18
SKU00071,服装鞋履-商品0071,服装鞋履,SUP025,48.73,0.66,2024-06-17,18,0.8,0.15,50,39
SKU00072,服装鞋履-商品0072,服装鞋履,SUP030,25.64,0.52,2024-09-28,18,0.8,0.15,200,42
SKU00073,服装鞋履-商品0073,服装鞋履,SUP047,49.29,0.6,2025-12-14,18,0.8,0.15,500,24
SKU00074,服装鞋履-商品0074,服装鞋履,SUP019,29.19,0.33,2024-07-13,18,0.8,0.15,100,18
SKU00075,服装鞋履-商品0075,服装鞋履,SUP048,54.02,0.54,2025-08-16,18,0.8,0.15,50,35
SKU00076,服装鞋履-商品0076,服装鞋履,SUP004,49.12,0.54,2024-02-28,18,0.8,0.15,500,47
SKU00077,服装鞋履-商品0077,服装鞋履,SUP011,35.47,0.53,2025-06-27,18,0.8,0.15,50,47
SKU00078,服装鞋履-商品0078,服装鞋履,SUP012,49.86,0.41,2024-03-23,18,0.8,0.15,50,53
SKU00079,服装鞋履-商品0079,服装鞋履,SUP044,86.46,0.56,2024-03-10,18,0.8,0.15,100,40
SKU00080,服装鞋履-商品0080,服装鞋履,SUP037,29.66,0.58,2024-05-02,18,0.8,0.15,100,52
SKU00081,服装鞋履-商品0081,服装鞋履,SUP003,31.99,0.6,2025-08-31,18,0.8,0.15,50,41
SKU00082,服装鞋履-商品0082,服装鞋履,SUP038,67.5,0.4,2025-11-04,18,0.8,0.15,200,31
SKU00083,服装鞋履-商品0083,服装鞋履,SUP043,63.04,0.55,2024-07-28,18,0.8,0.15,200,30
SKU00084,服装鞋履-商品0084,服装鞋履,SUP026,60.0,0.74,2024-09-28,18,0.8,0.15,100,34
SKU00085,服装鞋履-商品0085,服装鞋履,SUP021,41.3,0.41,2025-04-13,18,0.8,0.15,50,15
SKU00086,服装鞋履-商品0086,服装鞋履,SUP040,32.96,0.4,2025-04-14,18,0.8,0.15,50,19
SKU00087,服装鞋履-商品0087,服装鞋履,SUP014,43.8,0.54,2025-07-04,18,0.8,0.15,200,23
SKU00088,服装鞋履-商品0088,服装鞋履,SUP005,49.58,0.6,2024-12-23,18,0.8,0.15,100,38
SKU00089,服装鞋履-商品0089,服装鞋履,SUP011,45.21,0.68,2024-10-18,18,0.8,0.15,500,49
SKU00090,服装鞋履-商品0090,服装鞋履,SUP020,41.02,0.84,2025-12-21,18,0.8,0.15,50,50
SKU00091,服装鞋履-商品0091,服装鞋履,SUP043,56.02,0.39,2024-11-02,18,0.8,0.15,50,23
SKU00092,服装鞋履-商品0092,服装鞋履,SUP008,30.93,0.56,2024-09-27,18,0.8,0.15,50,50
SKU00093,服装鞋履-商品0093,服装鞋履,SUP018,41.61,0.59,2024-06-08,18,0.8,0.15,200,53
SKU00094,服装鞋履-商品0094,服装鞋履,SUP046,53.11,0.49,2024-08-03,18,0.8,0.15,200,28
SKU00095,服装鞋履-商品0095,服装鞋履,SUP041,33.46,0.31,2025-12-04,18,0.8,0.15,200,47
SKU00096,服装鞋履-商品0096,服装鞋履,SUP017,38.49,0.61,2025-05-15,18,0.8,0.15,50,20
SKU00097,服装鞋履-商品0097,服装鞋履,SUP028,48.5,0.34,2025-10-11,18,0.8,0.15,200,17
SKU00098,服装鞋履-商品0098,服装鞋履,SUP022,47.81,0.55,2024-01-04,18,0.8,0.15,100,55
SKU00099,服装鞋履-商品0099,服装鞋履,SUP011,33.03,0.52,2024-09-25,18,0.8,0.15,500,50
SKU00100,服装鞋履-商品0100,服装鞋履,SUP036,45.93,0.36,2025-03-13,18,0.8,0.15,50,22
SKU00101,服装鞋履-商品0101,服装鞋履,SUP045,51.0,0.57,2024-03-18,18,0.8,0.15,100,49
SKU00102,服装鞋履-商品0102,服装鞋履,SUP024,65.74,0.63,2024-02-06,18,0.8,0.15,100,42
SKU00103,服装鞋履-商品0103,服装鞋履,SUP003,27.78,0.38,2024-05-10,18,0.8,0.15,200,38
SKU00104,服装鞋履-商品0104,服装鞋履,SUP023,53.89,0.56,2024-02-10,18,0.8,0.15,100,30
SKU00105,服装鞋履-商品0105,服装鞋履,SUP007,53.89,0.98,2025-11-13,18,0.8,0.15,200,50
SKU00106,服装鞋履-商品0106,服装鞋履,SUP040,54.95,0.64,2025-02-20,18,0.8,0.15,100,30
SKU00107,服装鞋履-商品0107,服装鞋履,SUP012,62.84,0.58,2024-06-15,18,0.8,0.15,500,16
SKU00108,服装鞋履-商品0108,服装鞋履,SUP048,40.3,0.59,2024-07-02,18,0.8,0.15,200,41
SKU00109,服装鞋履-商品0109,服装鞋履,SUP048,34.34,0.47,2025-11-16,18,0.8,0.15,100,32
SKU00110,服装鞋履-商品0110,服装鞋履,SUP045,37.97,0.51,2024-06-12,18,0.8,0.15,50,39
SKU00111,服装鞋履-商品0111,服装鞋履,SUP031,101.17,0.27,2024-02-09,18,0.8,0.15,100,27
SKU00112,服装鞋履-商品0112,服装鞋履,SUP023,57.22,0.3,2025-04-16,18,0.8,0.15,200,29
SKU00113,服装鞋履-商品0113,服装鞋履,SUP002,38.15,0.64,2024-08-16,18,0.8,0.15,100,40
SKU00114,服装鞋履-商品0114,服装鞋履,SUP018,46.02,0.37,2024-12-02,18,0.8,0.15,50,32
SKU00115,服装鞋履-商品0115,服装鞋履,SUP042,35.03,0.58,2024-12-25,18,0.8,0.15,500,49
SKU00116,服装鞋履-商品0116,服装鞋履,SUP002,34.85,0.53,2024-12-05,18,0.8,0.15,50,31
SKU00117,服装鞋履-商品0117,服装鞋履,SUP038,45.72,0.42,2024-07-01,18,0.8,0.15,200,17
SKU00118,服装鞋履-商品0118,服装鞋履,SUP039,95.3,0.58,2024-04-21,18,0.8,0.15,500,37
SKU00119,服装鞋履-商品0119,服装鞋履,SUP028,22.15,0.52,2024-11-17,18,0.8,0.15,50,39
SKU00120,服装鞋履-商品0120,服装鞋履,SUP013,35.7,0.61,2025-08-13,18,0.8,0.15,200,17
SKU00121,服装鞋履-商品0121,服装鞋履,SUP001,34.1,0.49,2025-03-22,18,0.8,0.15,100,38
SKU00122,服装鞋履-商品0122,服装鞋履,SUP005,53.7,0.61,2025-03-17,18,0.8,0.15,200,54
SKU00123,服装鞋履-商品0123,服装鞋履,SUP043,29.56,0.46,2024-11-17,18,0.8,0.15,50,34
SKU00124,服装鞋履-商品0124,服装鞋履,SUP020,38.11,0.42,2025-06-03,18,0.8,0.15,500,35
SKU00125,服装鞋履-商品0125,服装鞋履,SUP045,83.48,0.55,2025-02-16,18,0.8,0.15,200,50
SKU00126,服装鞋履-商品0126,服装鞋履,SUP013,28.94,0.61,2024-05-10,18,0.8,0.15,500,39
SKU00127,服装鞋履-商品0127,服装鞋履,SUP048,94.58,0.63,2025-11-24,18,0.8,0.15,100,54
SKU00128,服装鞋履-商品0128,服装鞋履,SUP020,26.44,0.44,2025-08-05,18,0.8,0.15,500,50
SKU00129,服装鞋履-商品0129,服装鞋履,SUP020,70.11,0.41,2024-01-01,18,0.8,0.15,200,28
SKU00130,服装鞋履-商品0130,服装鞋履,SUP038,52.56,0.6,2025-03-16,18,0.8,0.15,200,44
SKU00131,服装鞋履-商品0131,服装鞋履,SUP029,32.53,0.49,2025-03-28,18,0.8,0.15,100,47
SKU00132,服装鞋履-商品0132,服装鞋履,SUP048,14.47,0.37,2025-04-29,18,0.8,0.15,100,20
SKU00133,服装鞋履-商品0133,服装鞋履,SUP033,41.19,0.34,2024-10-17,18,0.8,0.15,200,20
SKU00134,服装鞋履-商品0134,服装鞋履,SUP044,79.68,0.32,2024-08-28,18,0.8,0.15,200,29
SKU00135,服装鞋履-商品0135,服装鞋履,SUP010,38.58,0.52,2024-07-22,18,0.8,0.15,50,17
SKU00136,服装鞋履-商品0136,服装鞋履,SUP031,74.52,0.32,2024-09-07,18,0.8,0.15,50,44
SKU00137,服装鞋履-商品0137,服装鞋履,SUP041,67.61,0.5,2025-02-28,18,0.8,0.15,100,39
SKU00138,服装鞋履-商品0138,服装鞋履,SUP026,31.92,0.56,2025-05-21,18,0.8,0.15,100,24
SKU00139,服装鞋履-商品0139,服装鞋履,SUP045,48.25,0.42,2025-11-02,18,0.8,0.15,50,21
SKU00140,服装鞋履-商品0140,服装鞋履,SUP015,46.11,0.45,2025-03-11,18,0.8,0.15,100,48
SKU00141,服装鞋履-商品0141,服装鞋履,SUP004,46.82,0.58,2025-04-20,18,0.8,0.15,100,22
SKU00142,服装鞋履-商品0142,服装鞋履,SUP009,78.4,0.35,2025-04-12,18,0.8,0.15,500,48
SKU00143,服装鞋履-商品0143,服装鞋履,SUP039,94.94,0.26,2025-07-26,18,0.8,0.15,200,43
SKU00144,服装鞋履-商品0144,服装鞋履,SUP047,42.67,0.57,2025-09-19,18,0.8,0.15,500,50
SKU00145,服装鞋履-商品0145,服装鞋履,SUP011,49.65,0.42,2025-04-01,18,0.8,0.15,500,43
SKU00146,服装鞋履-商品0146,服装鞋履,SUP049,41.84,0.44,2024-09-22,18,0.8,0.15,100,55
SKU00147,服装鞋履-商品0147,服装鞋履,SUP050,36.61,0.61,2024-10-10,18,0.8,0.15,500,55
SKU00148,服装鞋履-商品0148,服装鞋履,SUP018,50.99,0.41,2024-09-01,18,0.8,0.15,500,19
SKU00149,服装鞋履-商品0149,服装鞋履,SUP016,61.65,0.54,2024-10-19,18,0.8,0.15,200,36
SKU00150,服装鞋履-商品0150,服装鞋履,SUP035,59.81,0.58,2024-11-23,18,0.8,0.15,50,23
SKU00151,服装鞋履-商品0151,服装鞋履,SUP015,33.67,0.43,2024-06-03,18,0.8,0.15,500,24
SKU00152,服装鞋履-商品0152,服装鞋履,SUP005,58.45,0.58,2024-08-07,18,0.8,0.15,500,41
SKU00153,服装鞋履-商品0153,服装鞋履,SUP035,44.67,0.51,2024-12-04,18,0.8,0.15,500,41
SKU00154,服装鞋履-商品0154,服装鞋履,SUP014,70.38,0.43,2024-03-04,18,0.8,0.15,500,39
SKU00155,服装鞋履-商品0155,服装鞋履,SUP045,54.5,0.47,2025-08-21,18,0.8,0.15,50,51
SKU00156,服装鞋履-商品0156,服装鞋履,SUP031,41.7,0.64,2025-01-24,18,0.8,0.15,50,37
SKU00157,服装鞋履-商品0157,服装鞋履,SUP049,60.07,0.6,2024-11-01,18,0.8,0.15,500,41
SKU00158,服装鞋履-商品0158,服装鞋履,SUP048,71.06,0.5,2025-07-05,18,0.8,0.15,100,46
SKU00159,服装鞋履-商品0159,服装鞋履,SUP018,57.13,0.46,2024-08-12,18,0.8,0.15,500,46
SKU00160,服装鞋履-商品0160,服装鞋履,SUP025,50.41,0.48,2024-01-30,18,0.8,0.15,200,40
SKU00161,服装鞋履-商品0161,服装鞋履,SUP030,46.55,0.57,2024-06-18,18,0.8,0.15,100,54
SKU00162,服装鞋履-商品0162,服装鞋履,SUP002,33.79,0.76,2025-06-30,18,0.8,0.15,500,52
SKU00163,服装鞋履-商品0163,服装鞋履,SUP043,31.64,0.35,2025-07-31,18,0.8,0.15,50,20
SKU00164,服装鞋履-商品0164,服装鞋履,SUP028,67.49,0.6,2025-10-20,18,0.8,0.15,100,44
SKU00165,服装鞋履-商品0165,服装鞋履,SUP004,55.99,0.58,2024-07-05,18,0.8,0.15,200,39
SKU00166,服装鞋履-商品0166,服装鞋履,SUP014,44.81,0.39,2024-12-01,18,0.8,0.15,500,35
SKU00167,服装鞋履-商品0167,服装鞋履,SUP049,46.21,0.42,2024-12-11,18,0.8,0.15,500,32
SKU00168,服装鞋履-商品0168,服装鞋履,SUP017,63.3,0.48,2025-03-07,18,0.8,0.15,50,45
SKU00169,服装鞋履-商品0169,服装鞋履,SUP048,33.71,0.46,2024-01-20,18,0.8,0.15,50,37
SKU00170,服装鞋履-商品0170,服装鞋履,SUP042,52.0,0.43,2024-08-17,18,0.8,0.15,50,17
SKU00171,服装鞋履-商品0171,服装鞋履,SUP016,33.75,0.53,2024-02-01,18,0.8,0.15,100,16
SKU00172,服装鞋履-商品0172,服装鞋履,SUP010,49.03,0.44,2025-09-28,18,0.8,0.15,100,23
SKU00173,服装鞋履-商品0173,服装鞋履,SUP043,38.16,0.53,2025-04-29,18,0.8,0.15,50,51
SKU00174,服装鞋履-商品0174,服装鞋履,SUP030,27.11,0.32,2024-08-11,18,0.8,0.15,200,38
SKU00175,服装鞋履-商品0175,服装鞋履,SUP039,35.0,0.47,2024-06-20,18,0.8,0.15,50,25
SKU00176,服装鞋履-商品0176,服装鞋履,SUP007,50.17,0.68,2024-11-14,18,0.8,0.15,50,34
SKU00177,服装鞋履-商品0177,服装鞋履,SUP044,60.75,0.48,2025-08-12,18,0.8,0.15,500,40
SKU00178,服装鞋履-商品0178,服装鞋履,SUP005,44.7,0.37,2024-07-22,18,0.8,0.15,100,21
SKU00179,服装鞋履-商品0179,服装鞋履,SUP050,44.71,0.46,2025-12-14,18,0.8,0.15,200,53
SKU00180,服装鞋履-商品0180,服装鞋履,SUP037,50.38,0.4,2024-05-03,18,0.8,0.15,50,37
SKU00181,服装鞋履-商品0181,服装鞋履,SUP028,53.97,0.69,2025-06-29,18,0.8,0.15,200,19
SKU00182,服装鞋履-商品0182,服装鞋履,SUP042,43.32,0.55,2025-06-02,18,0.8,0.15,200,15
SKU00183,服装鞋履-商品0183,服装鞋履,SUP032,57.29,0.45,2025-03-06,18,0.8,0.15,50,42
SKU00184,服装鞋履-商品0184,服装鞋履,SUP041,48.67,0.5,2025-01-05,18,0.8,0.15,500,24
SKU00185,服装鞋履-商品0185,服装鞋履,SUP012,46.56,0.4,2025-03-21,18,0.8,0.15,200,54
SKU00186,服装鞋履-商品0186,服装鞋履,SUP050,45.39,0.56,2025-07-05,18,0.8,0.15,500,44
SKU00187,服装鞋履-商品0187,服装鞋履,SUP047,74.78,0.62,2025-03-22,18,0.8,0.15,200,35
SKU00188,服装鞋履-商品0188,服装鞋履,SUP006,95.61,0.4,2024-09-08,18,0.8,0.15,200,43
SKU00189,服装鞋履-商品0189,服装鞋履,SUP049,61.07,0.52,2024-09-06,18,0.8,0.15,500,51
SKU00190,服装鞋履-商品0190,服装鞋履,SUP043,96.84,0.4,2025-09-16,18,0.8,0.15,500,36
SKU00191,服装鞋履-商品0191,服装鞋履,SUP032,33.54,0.43,2024-01-30,18,0.8,0.15,200,26
SKU00192,服装鞋履-商品0192,服装鞋履,SUP014,21.4,0.43,2025-05-14,18,0.8,0.15,200,31
SKU00193,服装鞋履-商品0193,服装鞋履,SUP018,34.5,0.52,2024-12-14,18,0.8,0.15,200,50
SKU00194,服装鞋履-商品0194,服装鞋履,SUP034,50.72,0.73,2024-01-11,18,0.8,0.15,100,20
SKU00195,服装鞋履-商品0195,服装鞋履,SUP047,62.76,0.43,2024-09-04,18,0.8,0.15,500,46
SKU00196,服装鞋履-商品0196,服装鞋履,SUP049,32.86,0.56,2025-07-22,18,0.8,0.15,100,45
SKU00197,服装鞋履-商品0197,服装鞋履,SUP046,28.35,0.73,2025-10-23,18,0.8,0.15,500,43
SKU00198,服装鞋履-商品0198,服装鞋履,SUP006,68.0,0.44,2024-01-18,18,0.8,0.15,200,29
SKU00199,服装鞋履-商品0199,服装鞋履,SUP045,24.71,0.67,2025-02-18,18,0.8,0.15,100,34
SKU00200,服装鞋履-商品0200,服装鞋履,SUP038,43.23,0.65,2025-11-10,18,0.8,0.15,200,45
SKU00201,服装鞋履-商品0201,服装鞋履,SUP034,25.75,0.43,2025-07-20,18,0.8,0.15,200,42
SKU00202,服装鞋履-商品0202,服装鞋履,SUP022,45.08,0.51,2025-07-17,18,0.8,0.15,200,44
SKU00203,服装鞋履-商品0203,服装鞋履,SUP020,38.44,0.58,2024-10-04,18,0.8,0.15,200,29
SKU00204,服装鞋履-商品0204,服装鞋履,SUP047,30.97,0.48,2024-05-03,18,0.8,0.15,100,35
SKU00205,服装鞋履-商品0205,服装鞋履,SUP048,46.94,0.56,2024-05-02,18,0.8,0.15,100,27
SKU00206,服装鞋履-商品0206,服装鞋履,SUP048,57.73,0.36,2024-08-09,18,0.8,0.15,500,32
SKU00207,服装鞋履-商品0207,服装鞋履,SUP049,26.3,0.66,2025-08-26,18,0.8,0.15,200,21
SKU00208,服装鞋履-商品0208,服装鞋履,SUP019,50.55,0.41,2024-07-17,18,0.8,0.15,100,38
SKU00209,服装鞋履-商品0209,服装鞋履,SUP020,77.44,0.51,2024-07-02,18,0.8,0.15,50,49
SKU00210,服装鞋履-商品0210,服装鞋履,SUP018,67.99,0.51,2024-05-09,18,0.8,0.15,50,18
SKU00211,服装鞋履-商品0211,服装鞋履,SUP019,92.57,0.72,2025-07-20,18,0.8,0.15,100,55
SKU00212,服装鞋履-商品0212,服装鞋履,SUP007,41.24,0.62,2025-05-17,18,0.8,0.15,50,51
SKU00213,服装鞋履-商品0213,服装鞋履,SUP031,56.4,0.67,2024-10-18,18,0.8,0.15,500,43
SKU00214,服装鞋履-商品0214,服装鞋履,SUP012,32.1,0.59,2024-12-14,18,0.8,0.15,50,31
SKU00215,服装鞋履-商品0215,服装鞋履,SUP008,65.18,0.28,2025-05-04,18,0.8,0.15,50,40
SKU00216,服装鞋履-商品0216,服装鞋履,SUP005,29.74,0.25,2025-05-18,18,0.8,0.15,50,24
SKU00217,服装鞋履-商品0217,服装鞋履,SUP037,40.95,0.59,2024-06-01,18,0.8,0.15,200,20
SKU00218,服装鞋履-商品0218,服装鞋履,SUP008,76.13,0.51,2024-09-11,18,0.8,0.15,500,53
SKU00219,服装鞋履-商品0219,服装鞋履,SUP040,79.57,0.33,2025-09-02,18,0.8,0.15,100,48
SKU00220,服装鞋履-商品0220,服装鞋履,SUP029,24.79,0.49,2025-01-24,18,0.8,0.15,500,34
SKU00221,服装鞋履-商品0221,服装鞋履,SUP028,51.47,0.5,2025-08-25,18,0.8,0.15,200,51
SKU00222,服装鞋履-商品0222,服装鞋履,SUP004,21.83,0.49,2025-09-27,18,0.8,0.15,50,28
SKU00223,服装鞋履-商品0223,服装鞋履,SUP014,28.51,0.58,2025-10-02,18,0.8,0.15,200,20
SKU00224,服装鞋履-商品0224,服装鞋履,SUP016,51.16,0.38,2024-06-09,18,0.8,0.15,100,50
SKU00225,服装鞋履-商品0225,服装鞋履,SUP011,37.59,0.37,2024-03-17,18,0.8,0.15,50,41
SKU00226,服装鞋履-商品0226,服装鞋履,SUP045,44.02,0.62,2025-04-06,18,0.8,0.15,500,33
SKU00227,服装鞋履-商品0227,服装鞋履,SUP015,31.87,0.56,2024-02-03,18,0.8,0.15,200,33
SKU00228,服装鞋履-商品0228,服装鞋履,SUP030,37.38,0.4,2025-12-20,18,0.8,0.15,50,29
SKU00229,服装鞋履-商品0229,服装鞋履,SUP041,43.35,0.37,2024-09-27,18,0.8,0.15,100,42
SKU00230,服装鞋履-商品0230,服装鞋履,SUP035,37.07,0.35,2024-04-27,18,0.8,0.15,100,24
SKU00231,服装鞋履-商品0231,服装鞋履,SUP010,89.51,0.5,2024-09-29,18,0.8,0.15,50,18
SKU00232,服装鞋履-商品0232,服装鞋履,SUP020,35.23,0.53,2024-06-18,18,0.8,0.15,200,43
SKU00233,服装鞋履-商品0233,服装鞋履,SUP030,43.27,0.47,2024-05-07,18,0.8,0.15,200,40
SKU00234,服装鞋履-商品0234,服装鞋履,SUP033,55.79,0.59,2024-10-05,18,0.8,0.15,500,43
SKU00235,服装鞋履-商品0235,服装鞋履,SUP039,37.37,0.43,2024-03-23,18,0.8,0.15,50,42
SKU00236,服装鞋履-商品0236,服装鞋履,SUP039,40.87,0.21,2024-11-26,18,0.8,0.15,200,16
SKU00237,服装鞋履-商品0237,服装鞋履,SUP015,26.48,0.67,2024-04-03,18,0.8,0.15,50,32
SKU00238,服装鞋履-商品0238,服装鞋履,SUP003,80.03,0.47,2025-08-13,18,0.8,0.15,100,45
SKU00239,服装鞋履-商品0239,服装鞋履,SUP042,55.06,0.54,2025-06-15,18,0.8,0.15,500,32
SKU00240,服装鞋履-商品0240,服装鞋履,SUP038,132.19,0.64,2024-07-04,18,0.8,0.15,500,55
SKU00241,服装鞋履-商品0241,服装鞋履,SUP006,43.03,0.38,2025-05-18,18,0.8,0.15,500,37
SKU00242,服装鞋履-商品0242,服装鞋履,SUP022,25.65,0.53,2025-02-22,18,0.8,0.15,200,21
SKU00243,服装鞋履-商品0243,服装鞋履,SUP022,34.53,0.32,2024-06-13,18,0.8,0.15,500,46
SKU00244,服装鞋履-商品0244,服装鞋履,SUP043,35.89,0.36,2024-10-22,18,0.8,0.15,500,50
SKU00245,服装鞋履-商品0245,服装鞋履,SUP030,81.22,0.61,2024-02-07,18,0.8,0.15,50,35
SKU00246,服装鞋履-商品0246,服装鞋履,SUP021,44.87,0.68,2024-09-15,18,0.8,0.15,50,40
SKU00247,服装鞋履-商品0247,服装鞋履,SUP001,46.24,0.39,2025-06-10,18,0.8,0.15,500,41
SKU00248,服装鞋履-商品0248,服装鞋履,SUP013,76.69,0.57,2024-02-25,18,0.8,0.15,200,54
SKU00249,服装鞋履-商品0249,服装鞋履,SUP041,31.3,0.48,2025-05-25,18,0.8,0.15,500,18
SKU00250,服装鞋履-商品0250,服装鞋履,SUP018,33.12,0.33,2024-07-27,18,0.8,0.15,100,33
SKU00251,服装鞋履-商品0251,服装鞋履,SUP045,62.23,0.74,2025-03-24,18,0.8,0.15,500,22
SKU00252,服装鞋履-商品0252,服装鞋履,SUP041,27.58,0.57,2024-01-30,18,0.8,0.15,100,25
SKU00253,服装鞋履-商品0253,服装鞋履,SUP036,35.84,0.44,2024-11-14,18,0.8,0.15,50,50
SKU00254,服装鞋履-商品0254,服装鞋履,SUP006,36.57,0.39,2025-02-21,18,0.8,0.15,100,22
SKU00255,服装鞋履-商品0255,服装鞋履,SUP008,45.77,0.4,2025-04-17,18,0.8,0.15,100,46
SKU00256,服装鞋履-商品0256,服装鞋履,SUP033,49.47,0.49,2024-10-25,18,0.8,0.15,200,41
SKU00257,服装鞋履-商品0257,服装鞋履,SUP031,41.39,0.39,2025-05-09,18,0.8,0.15,100,44
SKU00258,服装鞋履-商品0258,服装鞋履,SUP010,36.77,0.59,2025-07-18,18,0.8,0.15,500,27
SKU00259,服装鞋履-商品0259,服装鞋履,SUP033,53.62,0.38,2025-09-05,18,0.8,0.15,100,19
SKU00260,服装鞋履-商品0260,服装鞋履,SUP050,46.59,0.59,2024-10-09,18,0.8,0.15,500,36
SKU00261,服装鞋履-商品0261,服装鞋履,SUP018,25.09,0.57,2025-06-03,18,0.8,0.15,50,33
SKU00262,服装鞋履-商品0262,服装鞋履,SUP038,35.69,0.57,2024-11-01,18,0.8,0.15,500,24
SKU00263,服装鞋履-商品0263,服装鞋履,SUP035,34.45,0.27,2025-04-02,18,0.8,0.15,500,37
SKU00264,服装鞋履-商品0264,服装鞋履,SUP036,25.46,0.51,2024-12-06,18,0.8,0.15,500,44
SKU00265,服装鞋履-商品0265,服装鞋履,SUP013,49.28,0.39,2024-11-25,18,0.8,0.15,100,51
SKU00266,服装鞋履-商品0266,服装鞋履,SUP015,56.27,0.29,2025-01-27,18,0.8,0.15,500,17
SKU00267,服装鞋履-商品0267,服装鞋履,SUP048,43.97,0.35,2024-11-21,18,0.8,0.15,500,39
SKU00268,服装鞋履-商品0268,服装鞋履,SUP043,35.82,0.51,2025-01-30,18,0.8,0.15,100,46
SKU00269,服装鞋履-商品0269,服装鞋履,SUP009,33.3,0.45,2024-02-07,18,0.8,0.15,200,21
SKU00270,服装鞋履-商品0270,服装鞋履,SUP007,64.0,0.43,2025-03-26,18,0.8,0.15,500,15
SKU00271,服装鞋履-商品0271,服装鞋履,SUP027,60.29,0.36,2024-05-27,18,0.8,0.15,100,19
SKU00272,服装鞋履-商品0272,服装鞋履,SUP017,54.17,0.68,2025-04-25,18,0.8,0.15,200,54
SKU00273,服装鞋履-商品0273,服装鞋履,SUP026,18.95,0.4,2025-12-10,18,0.8,0.15,50,36
SKU00274,服装鞋履-商品0274,服装鞋履,SUP035,55.07,0.47,2025-11-21,18,0.8,0.15,500,35
SKU00275,服装鞋履-商品0275,服装鞋履,SUP046,51.24,0.42,2025-10-03,18,0.8,0.15,500,49
SKU00276,服装鞋履-商品0276,服装鞋履,SUP040,46.38,0.48,2024-02-06,18,0.8,0.15,50,30
SKU00277,服装鞋履-商品0277,服装鞋履,SUP044,67.72,0.53,2025-10-08,18,0.8,0.15,200,29
SKU00278,服装鞋履-商品0278,服装鞋履,SUP028,50.64,0.45,2024-04-02,18,0.8,0.15,50,55
SKU00279,服装鞋履-商品0279,服装鞋履,SUP007,37.94,0.45,2025-12-21,18,0.8,0.15,500,25
SKU00280,服装鞋履-商品0280,服装鞋履,SUP020,51.66,0.45,2025-12-11,18,0.8,0.15,50,17
SKU00281,3C电子-商品0281,3C电子,SUP004,132.81,1.22,2024-11-28,12,0.3,0.08,200,37
SKU00282,3C电子-商品0282,3C电子,SUP028,162.78,0.73,2025-01-18,12,0.3,0.08,100,30
SKU00283,3C电子-商品0283,3C电子,SUP027,182.71,0.72,2025-06-27,12,0.3,0.08,100,25
SKU00284,3C电子-商品0284,3C电子,SUP006,58.8,0.6,2024-06-28,12,0.3,0.08,500,54
SKU00285,3C电子-商品0285,3C电子,SUP016,62.35,0.73,2025-11-30,12,0.3,0.08,500,52
SKU00286,3C电子-商品0286,3C电子,SUP015,120.78,1.14,2024-05-26,12,0.3,0.08,500,55
SKU00287,3C电子-商品0287,3C电子,SUP030,134.55,0.76,2024-09-17,12,0.3,0.08,200,15
SKU00288,3C电子-商品0288,3C电子,SUP019,160.42,0.36,2025-04-21,12,0.3,0.08,100,19
SKU00289,3C电子-商品0289,3C电子,SUP023,130.32,0.95,2025-03-28,12,0.3,0.08,200,55
SKU00290,3C电子-商品0290,3C电子,SUP045,71.52,1.03,2025-03-10,12,0.3,0.08,200,44
SKU00291,3C电子-商品0291,3C电子,SUP013,135.09,0.72,2024-11-05,12,0.3,0.08,500,45
SKU00292,3C电子-商品0292,3C电子,SUP016,149.75,1.25,2024-04-19,12,0.3,0.08,500,51
SKU00293,3C电子-商品0293,3C电子,SUP037,127.89,0.85,2025-01-02,12,0.3,0.08,200,33
SKU00294,3C电子-商品0294,3C电子,SUP043,102.18,0.63,2024-01-23,12,0.3,0.08,500,32
SKU00295,3C电子-商品0295,3C电子,SUP037,160.47,0.63,2024-01-09,12,0.3,0.08,50,53
SKU00296,3C电子-商品0296,3C电子,SUP019,123.04,0.7,2025-05-23,12,0.3,0.08,100,53
SKU00297,3C电子-商品0297,3C电子,SUP015,141.9,0.87,2024-12-26,12,0.3,0.08,100,54
SKU00298,3C电子-商品0298,3C电子,SUP044,172.54,0.7,2024-09-13,12,0.3,0.08,100,55
SKU00299,3C电子-商品0299,3C电子,SUP041,109.18,0.6,2024-04-09,12,0.3,0.08,50,34
SKU00300,3C电子-商品0300,3C电子,SUP003,102.72,0.88,2025-03-27,12,0.3,0.08,200,23
SKU00301,3C电子-商品0301,3C电子,SUP019,156.4,0.62,2024-04-02,12,0.3,0.08,200,41
SKU00302,3C电子-商品0302,3C电子,SUP013,162.69,1.07,2024-06-28,12,0.3,0.08,100,49
SKU00303,3C电子-商品0303,3C电子,SUP034,138.68,1.18,2025-01-09,12,0.3,0.08,200,25
SKU00304,3C电子-商品0304,3C电子,SUP031,91.53,0.55,2024-09-20,12,0.3,0.08,200,36
SKU00305,3C电子-商品0305,3C电子,SUP030,64.39,1.1,2024-04-27,12,0.3,0.08,50,24
SKU00306,3C电子-商品0306,3C电子,SUP044,150.89,0.79,2024-08-19,12,0.3,0.08,500,50
SKU00307,3C电子-商品0307,3C电子,SUP006,132.35,0.57,2025-01-09,12,0.3,0.08,500,15
SKU00308,3C电子-商品0308,3C电子,SUP035,282.45,0.83,2024-09-27,12,0.3,0.08,50,44
SKU00309,3C电子-商品0309,3C电子,SUP044,124.68,0.95,2025-01-12,12,0.3,0.08,200,52
SKU00310,3C电子-商品0310,3C电子,SUP041,142.0,0.84,2025-01-25,12,0.3,0.08,200,21
SKU00311,3C电子-商品0311,3C电子,SUP015,91.0,0.89,2025-11-22,12,0.3,0.08,500,16
SKU00312,3C电子-商品0312,3C电子,SUP036,231.88,1.07,2025-09-26,12,0.3,0.08,200,54
SKU00313,3C电子-商品0313,3C电子,SUP042,209.58,0.7,2024-08-14,12,0.3,0.08,50,55
SKU00314,3C电子-商品0314,3C电子,SUP045,84.87,0.77,2025-04-20,12,0.3,0.08,200,41
SKU00315,3C电子-商品0315,3C电子,SUP009,122.36,1.02,2024-04-29,12,0.3,0.08,50,17
SKU00316,3C电子-商品0316,3C电子,SUP032,66.36,1.11,2024-11-07,12,0.3,0.08,50,21
SKU00317,3C电子-商品0317,3C电子,SUP035,113.54,0.71,2024-08-28,12,0.3,0.08,100,39
SKU00318,3C电子-商品0318,3C电子,SUP024,84.21,0.47,2025-04-09,12,0.3,0.08,500,52
SKU00319,3C电子-商品0319,3C电子,SUP027,160.07,0.81,2024-06-07,12,0.3,0.08,50,46
SKU00320,3C电子-商品0320,3C电子,SUP027,76.4,0.54,2025-09-22,12,0.3,0.08,200,17
SKU00321,3C电子-商品0321,3C电子,SUP024,106.69,1.13,2025-12-07,12,0.3,0.08,100,43
SKU00322,3C电子-商品0322,3C电子,SUP016,109.58,0.5,2025-03-31,12,0.3,0.08,200,21
SKU00323,3C电子-商品0323,3C电子,SUP024,110.11,0.75,2025-12-03,12,0.3,0.08,200,18
SKU00324,3C电子-商品0324,3C电子,SUP018,46.69,0.79,2025-02-11,12,0.3,0.08,100,22
SKU00325,3C电子-商品0325,3C电子,SUP006,110.68,0.94,2025-04-10,12,0.3,0.08,100,55
SKU00326,3C电子-商品0326,3C电子,SUP002,229.21,1.03,2025-09-03,12,0.3,0.08,50,36
SKU00327,3C电子-商品0327,3C电子,SUP009,109.22,0.58,2024-09-06,12,0.3,0.08,100,19
SKU00328,3C电子-商品0328,3C电子,SUP014,295.35,0.81,2025-07-21,12,0.3,0.08,100,29
SKU00329,3C电子-商品0329,3C电子,SUP050,120.59,0.8,2024-12-02,12,0.3,0.08,100,53
SKU00330,3C电子-商品0330,3C电子,SUP018,128.61,0.77,2024-01-03,12,0.3,0.08,100,23
SKU00331,3C电子-商品0331,3C电子,SUP017,98.17,0.69,2025-07-07,12,0.3,0.08,100,22
SKU00332,3C电子-商品0332,3C电子,SUP002,118.63,0.69,2025-11-07,12,0.3,0.08,100,15
SKU00333,3C电子-商品0333,3C电子,SUP016,93.5,0.82,2025-01-01,12,0.3,0.08,200,16
SKU00334,3C电子-商品0334,3C电子,SUP017,109.75,1.1,2024-06-27,12,0.3,0.08,50,23
SKU00335,3C电子-商品0335,3C电子,SUP034,47.45,1.02,2025-03-07,12,0.3,0.08,50,19
SKU00336,3C电子-商品0336,3C电子,SUP029,185.61,0.39,2025-05-02,12,0.3,0.08,200,47
SKU00337,3C电子-商品0337,3C电子,SUP007,106.44,0.73,2025-08-30,12,0.3,0.08,500,47
SKU00338,3C电子-商品0338,3C电子,SUP040,73.32,0.64,2024-08-14,12,0.3,0.08,50,48
SKU00339,3C电子-商品0339,3C电子,SUP030,81.35,1.15,2024-11-04,12,0.3,0.08,50,18
SKU00340,3C电子-商品0340,3C电子,SUP026,166.5,1.05,2025-05-05,12,0.3,0.08,500,21
SKU00341,3C电子-商品0341,3C电子,SUP046,154.48,0.57,2025-05-17,12,0.3,0.08,500,19
SKU00342,3C电子-商品0342,3C电子,SUP021,99.87,0.9,2024-03-23,12,0.3,0.08,100,19
SKU00343,3C电子-商品0343,3C电子,SUP018,78.24,0.94,2024-05-09,12,0.3,0.08,200,39
SKU00344,3C电子-商品0344,3C电子,SUP034,110.32,0.73,2025-09-03,12,0.3,0.08,200,44
SKU00345,3C电子-商品0345,3C电子,SUP039,153.9,0.89,2025-06-01,12,0.3,0.08,500,21
SKU00346,3C电子-商品0346,3C电子,SUP008,105.76,1.03,2025-12-19,12,0.3,0.08,100,42
SKU00347,3C电子-商品0347,3C电子,SUP015,82.2,0.92,2025-04-07,12,0.3,0.08,500,36
SKU00348,3C电子-商品0348,3C电子,SUP026,147.68,0.74,2025-04-09,12,0.3,0.08,500,21
SKU00349,3C电子-商品0349,3C电子,SUP028,134.51,0.55,2024-11-16,12,0.3,0.08,200,31
SKU00350,3C电子-商品0350,3C电子,SUP010,165.82,0.76,2025-01-18,12,0.3,0.08,500,19
SKU00351,3C电子-商品0351,3C电子,SUP006,99.94,1.01,2024-04-03,12,0.3,0.08,50,42
SKU00352,3C电子-商品0352,3C电子,SUP048,93.78,0.52,2024-04-08,12,0.3,0.08,200,23
SKU00353,3C电子-商品0353,3C电子,SUP004,69.59,0.92,2025-07-23,12,0.3,0.08,200,22
SKU00354,3C电子-商品0354,3C电子,SUP023,76.66,1.15,2025-02-24,12,0.3,0.08,500,18
SKU00355,3C电子-商品0355,3C电子,SUP039,57.91,1.14,2024-10-21,12,0.3,0.08,200,37
SKU00356,3C电子-商品0356,3C电子,SUP037,129.2,0.78,2024-04-16,12,0.3,0.08,100,24
SKU00357,3C电子-商品0357,3C电子,SUP031,99.16,0.88,2025-11-03,12,0.3,0.08,100,21
SKU00358,3C电子-商品0358,3C电子,SUP036,118.43,1.02,2024-12-24,12,0.3,0.08,200,22
SKU00359,3C电子-商品0359,3C电子,SUP037,124.89,0.83,2024-10-12,12,0.3,0.08,100,42
SKU00360,3C电子-商品0360,3C电子,SUP050,105.66,0.79,2025-07-28,12,0.3,0.08,50,53
SKU00361,3C电子-商品0361,3C电子,SUP045,133.65,0.46,2025-11-04,12,0.3,0.08,200,16
SKU00362,3C电子-商品0362,3C电子,SUP018,74.86,0.95,2024-07-03,12,0.3,0.08,200,36
SKU00363,3C电子-商品0363,3C电子,SUP001,127.4,0.76,2024-12-25,12,0.3,0.08,100,24
SKU00364,3C电子-商品0364,3C电子,SUP043,120.78,0.87,2025-08-02,12,0.3,0.08,500,19
SKU00365,3C电子-商品0365,3C电子,SUP048,99.34,0.64,2024-05-25,12,0.3,0.08,50,20
SKU00366,3C电子-商品0366,3C电子,SUP014,128.51,0.6,2025-06-27,12,0.3,0.08,500,41
SKU00367,3C电子-商品0367,3C电子,SUP022,138.43,0.46,2025-04-09,12,0.3,0.08,100,38
SKU00368,3C电子-商品0368,3C电子,SUP047,172.03,0.89,2024-11-15,12,0.3,0.08,200,51
SKU00369,3C电子-商品0369,3C电子,SUP006,131.25,1.0,2025-09-02,12,0.3,0.08,50,24
SKU00370,3C电子-商品0370,3C电子,SUP049,214.95,1.0,2024-06-10,12,0.3,0.08,50,20
SKU00371,3C电子-商品0371,3C电子,SUP029,63.0,0.54,2024-10-05,12,0.3,0.08,500,46
SKU00372,3C电子-商品0372,3C电子,SUP029,96.43,0.81,2025-09-13,12,0.3,0.08,500,32
SKU00373,3C电子-商品0373,3C电子,SUP049,143.84,0.65,2024-08-08,12,0.3,0.08,50,37
SKU00374,3C电子-商品0374,3C电子,SUP008,128.11,0.65,2025-03-16,12,0.3,0.08,200,52
SKU00375,3C电子-商品0375,3C电子,SUP034,96.88,0.52,2025-05-13,12,0.3,0.08,200,17
SKU00376,3C电子-商品0376,3C电子,SUP026,86.87,0.53,2024-08-13,12,0.3,0.08,50,15
SKU00377,3C电子-商品0377,3C电子,SUP020,85.28,1.01,2024-07-28,12,0.3,0.08,100,23
SKU00378,3C电子-商品0378,3C电子,SUP019,86.07,1.33,2024-09-18,12,0.3,0.08,200,22
SKU00379,3C电子-商品0379,3C电子,SUP032,142.62,0.84,2024-01-08,12,0.3,0.08,500,26
SKU00380,3C电子-商品0380,3C电子,SUP025,88.86,0.94,2024-05-12,12,0.3,0.08,100,47
SKU00381,3C电子-商品0381,3C电子,SUP043,98.1,0.82,2025-07-26,12,0.3,0.08,200,19
SKU00382,3C电子-商品0382,3C电子,SUP048,293.98,0.78,2025-02-10,12,0.3,0.08,50,42
SKU00383,3C电子-商品0383,3C电子,SUP030,179.42,0.66,2024-01-20,12,0.3,0.08,50,35
SKU00384,3C电子-商品0384,3C电子,SUP028,118.54,1.15,2025-08-12,12,0.3,0.08,500,55
SKU00385,3C电子-商品0385,3C电子,SUP019,96.36,1.16,2025-03-03,12,0.3,0.08,50,40
SKU00386,3C电子-商品0386,3C电子,SUP021,153.73,0.69,2024-01-22,12,0.3,0.08,100,54
SKU00387,3C电子-商品0387,3C电子,SUP045,149.73,0.99,2025-04-16,12,0.3,0.08,200,20
SKU00388,3C电子-商品0388,3C电子,SUP007,149.18,0.49,2025-03-23,12,0.3,0.08,100,42
SKU00389,3C电子-商品0389,3C电子,SUP026,93.04,0.75,2025-08-26,12,0.3,0.08,50,40
SKU00390,3C电子-商品0390,3C电子,SUP048,116.91,0.92,2024-11-13,12,0.3,0.08,200,29
SKU00391,3C电子-商品0391,3C电子,SUP050,127.7,0.53,2024-12-07,12,0.3,0.08,100,19
SKU00392,3C电子-商品0392,3C电子,SUP041,137.08,0.92,2025-06-06,12,0.3,0.08,50,48
SKU00393,3C电子-商品0393,3C电子,SUP013,145.97,1.02,2025-06-06,12,0.3,0.08,200,37
SKU00394,3C电子-商品0394,3C电子,SUP010,160.67,0.89,2025-10-22,12,0.3,0.08,100,21
SKU00395,3C电子-商品0395,3C电子,SUP017,117.09,0.47,2024-05-29,12,0.3,0.08,100,26
SKU00396,3C电子-商品0396,3C电子,SUP010,139.47,0.84,2025-09-08,12,0.3,0.08,50,26
SKU00397,3C电子-商品0397,3C电子,SUP032,131.97,0.54,2025-10-05,12,0.3,0.08,500,51
SKU00398,3C电子-商品0398,3C电子,SUP029,82.2,1.01,2025-08-16,12,0.3,0.08,200,55
SKU00399,3C电子-商品0399,3C电子,SUP010,118.35,0.94,2024-11-19,12,0.3,0.08,500,19
SKU00400,3C电子-商品0400,3C电子,SUP029,121.2,0.81,2025-04-25,12,0.3,0.08,200,32
SKU00401,3C电子-商品0401,3C电子,SUP004,166.65,0.7,2025-08-28,12,0.3,0.08,200,47
SKU00402,3C电子-商品0402,3C电子,SUP020,124.11,0.71,2024-03-16,12,0.3,0.08,500,43
SKU00403,3C电子-商品0403,3C电子,SUP004,103.07,0.74,2024-02-08,12,0.3,0.08,200,33
SKU00404,3C电子-商品0404,3C电子,SUP042,129.7,0.7,2024-03-19,12,0.3,0.08,50,54
SKU00405,3C电子-商品0405,3C电子,SUP033,186.23,0.62,2025-08-31,12,0.3,0.08,500,44
SKU00406,3C电子-商品0406,3C电子,SUP036,112.4,0.71,2025-08-17,12,0.3,0.08,50,43
SKU00407,3C电子-商品0407,3C电子,SUP042,199.13,0.84,2025-08-08,12,0.3,0.08,100,35
SKU00408,3C电子-商品0408,3C电子,SUP031,172.2,0.5,2025-09-11,12,0.3,0.08,100,18
SKU00409,3C电子-商品0409,3C电子,SUP007,131.76,0.98,2025-04-06,12,0.3,0.08,200,20
SKU00410,3C电子-商品0410,3C电子,SUP042,123.51,1.01,2025-05-31,12,0.3,0.08,100,17
SKU00411,3C电子-商品0411,3C电子,SUP046,100.13,1.08,2024-09-10,12,0.3,0.08,500,43
SKU00412,3C电子-商品0412,3C电子,SUP034,268.3,0.73,2025-06-20,12,0.3,0.08,100,38
SKU00413,3C电子-商品0413,3C电子,SUP019,102.67,1.09,2025-01-16,12,0.3,0.08,500,41
SKU00414,3C电子-商品0414,3C电子,SUP044,208.58,0.7,2024-12-12,12,0.3,0.08,50,55
SKU00415,3C电子-商品0415,3C电子,SUP022,103.59,0.74,2025-10-24,12,0.3,0.08,50,36
SKU00416,3C电子-商品0416,3C电子,SUP036,74.96,0.62,2024-04-06,12,0.3,0.08,500,33
SKU00417,3C电子-商品0417,3C电子,SUP047,84.44,0.65,2024-09-15,12,0.3,0.08,100,36
SKU00418,3C电子-商品0418,3C电子,SUP038,118.55,0.85,2024-03-24,12,0.3,0.08,100,37
SKU00419,3C电子-商品0419,3C电子,SUP042,206.47,0.6,2024-11-13,12,0.3,0.08,500,23
SKU00420,3C电子-商品0420,3C电子,SUP046,169.36,0.76,2025-09-01,12,0.3,0.08,50,34
SKU00421,3C电子-商品0421,3C电子,SUP025,117.94,0.93,2025-07-26,12,0.3,0.08,200,23
SKU00422,3C电子-商品0422,3C电子,SUP045,81.01,0.88,2025-11-17,12,0.3,0.08,50,42
SKU00423,3C电子-商品0423,3C电子,SUP024,127.2,0.9,2025-06-04,12,0.3,0.08,50,38
SKU00424,3C电子-商品0424,3C电子,SUP012,132.78,1.29,2024-11-12,12,0.3,0.08,100,36
SKU00425,3C电子-商品0425,3C电子,SUP013,95.99,0.69,2025-05-12,12,0.3,0.08,100,23
SKU00426,3C电子-商品0426,3C电子,SUP005,96.49,0.69,2024-06-07,12,0.3,0.08,200,21
SKU00427,3C电子-商品0427,3C电子,SUP050,96.01,1.04,2025-06-03,12,0.3,0.08,50,36
SKU00428,3C电子-商品0428,3C电子,SUP009,197.29,0.69,2025-09-24,12,0.3,0.08,500,24
SKU00429,3C电子-商品0429,3C电子,SUP012,89.67,0.89,2024-06-15,12,0.3,0.08,100,43
SKU00430,3C电子-商品0430,3C电子,SUP027,98.91,0.93,2024-02-14,12,0.3,0.08,200,30
SKU00431,3C电子-商品0431,3C电子,SUP040,128.83,0.5,2025-03-30,12,0.3,0.08,200,43
SKU00432,3C电子-商品0432,3C电子,SUP035,206.26,1.16,2024-08-27,12,0.3,0.08,100,34
SKU00433,3C电子-商品0433,3C电子,SUP013,96.84,0.72,2025-04-25,12,0.3,0.08,200,51
SKU00434,3C电子-商品0434,3C电子,SUP030,132.63,0.87,2025-03-27,12,0.3,0.08,200,39
SKU00435,3C电子-商品0435,3C电子,SUP034,151.11,1.2,2025-05-29,12,0.3,0.08,500,25
SKU00436,3C电子-商品0436,3C电子,SUP039,112.79,0.64,2024-07-23,12,0.3,0.08,100,31
SKU00437,3C电子-商品0437,3C电子,SUP042,74.05,0.65,2024-02-23,12,0.3,0.08,500,38
SKU00438,3C电子-商品0438,3C电子,SUP007,118.62,1.16,2025-07-21,12,0.3,0.08,50,33
SKU00439,3C电子-商品0439,3C电子,SUP049,100.12,0.84,2024-03-26,12,0.3,0.08,100,32
SKU00440,3C电子-商品0440,3C电子,SUP033,119.31,1.04,2025-04-05,12,0.3,0.08,100,42
SKU00441,3C电子-商品0441,3C电子,SUP015,290.59,0.69,2024-04-03,12,0.3,0.08,500,37
SKU00442,3C电子-商品0442,3C电子,SUP027,101.11,1.01,2024-01-28,12,0.3,0.08,50,40
SKU00443,3C电子-商品0443,3C电子,SUP024,152.35,1.17,2025-05-29,12,0.3,0.08,100,39
SKU00444,3C电子-商品0444,3C电子,SUP024,147.21,0.73,2024-03-24,12,0.3,0.08,100,16
SKU00445,3C电子-商品0445,3C电子,SUP007,147.56,1.02,2024-11-22,12,0.3,0.08,200,24
SKU00446,3C电子-商品0446,3C电子,SUP003,159.92,0.9,2024-05-20,12,0.3,0.08,200,45
SKU00447,3C电子-商品0447,3C电子,SUP009,174.31,1.03,2025-12-13,12,0.3,0.08,500,43
SKU00448,3C电子-商品0448,3C电子,SUP001,194.66,0.93,2025-09-22,12,0.3,0.08,50,16
SKU00449,3C电子-商品0449,3C电子,SUP014,113.18,0.83,2024-09-19,12,0.3,0.08,100,50
SKU00450,3C电子-商品0450,3C电子,SUP034,183.05,0.64,2025-09-15,12,0.3,0.08,500,22
SKU00451,3C电子-商品0451,3C电子,SUP016,136.53,0.72,2024-10-22,12,0.3,0.08,200,22
SKU00452,3C电子-商品0452,3C电子,SUP016,121.21,1.06,2024-02-18,12,0.3,0.08,500,55
SKU00453,3C电子-商品0453,3C电子,SUP030,128.3,0.81,2025-09-29,12,0.3,0.08,50,22
SKU00454,3C电子-商品0454,3C电子,SUP039,74.56,0.95,2025-05-26,12,0.3,0.08,50,55
SKU00455,3C电子-商品0455,3C电子,SUP037,150.42,1.23,2025-06-11,12,0.3,0.08,100,24
SKU00456,3C电子-商品0456,3C电子,SUP028,107.75,0.84,2024-10-25,12,0.3,0.08,50,54
SKU00457,3C电子-商品0457,3C电子,SUP016,130.94,1.12,2024-12-27,12,0.3,0.08,500,26
SKU00458,3C电子-商品0458,3C电子,SUP043,116.06,0.86,2025-11-11,12,0.3,0.08,50,48
SKU00459,3C电子-商品0459,3C电子,SUP005,148.45,0.84,2025-01-04,12,0.3,0.08,50,39
SKU00460,3C电子-商品0460,3C电子,SUP003,102.64,0.84,2025-04-26,12,0.3,0.08,500,38
SKU00461,3C电子-商品0461,3C电子,SUP048,174.73,0.59,2024-09-16,12,0.3,0.08,50,37
SKU00462,3C电子-商品0462,3C电子,SUP023,125.72,0.66,2024-03-10,12,0.3,0.08,100,55
SKU00463,3C电子-商品0463,3C电子,SUP050,182.32,0.5,2024-04-16,12,0.3,0.08,200,23
SKU00464,3C电子-商品0464,3C电子,SUP023,98.68,0.88,2024-02-15,12,0.3,0.08,200,26
SKU00465,3C电子-商品0465,3C电子,SUP030,207.56,0.79,2025-12-02,12,0.3,0.08,500,55
SKU00466,3C电子-商品0466,3C电子,SUP009,98.81,1.18,2024-07-05,12,0.3,0.08,50,44
SKU00467,3C电子-商品0467,3C电子,SUP019,72.29,0.36,2024-02-07,12,0.3,0.08,100,17
SKU00468,3C电子-商品0468,3C电子,SUP003,139.98,0.7,2024-07-23,12,0.3,0.08,200,34
SKU00469,3C电子-商品0469,3C电子,SUP026,83.94,0.94,2025-06-11,12,0.3,0.08,500,31
SKU00470,3C电子-商品0470,3C电子,SUP049,130.69,0.69,2024-02-07,12,0.3,0.08,100,33
SKU00471,3C电子-商品0471,3C电子,SUP050,76.66,0.97,2024-12-31,12,0.3,0.08,50,36
SKU00472,3C电子-商品0472,3C电子,SUP008,150.67,0.78,2024-10-06,12,0.3,0.08,200,42
SKU00473,3C电子-商品0473,3C电子,SUP048,229.02,0.59,2025-02-13,12,0.3,0.08,500,39
SKU00474,3C电子-商品0474,3C电子,SUP012,70.36,0.66,2024-12-13,12,0.3,0.08,500,46
SKU00475,3C电子-商品0475,3C电子,SUP034,118.1,0.85,2025-01-11,12,0.3,0.08,200,20
SKU00476,3C电子-商品0476,3C电子,SUP006,110.28,0.87,2025-03-10,12,0.3,0.08,500,53
SKU00477,3C电子-商品0477,3C电子,SUP035,77.44,1.09,2024-07-03,12,0.3,0.08,200,35
SKU00478,3C电子-商品0478,3C电子,SUP006,116.6,1.02,2024-04-15,12,0.3,0.08,200,33
SKU00479,3C电子-商品0479,3C电子,SUP029,135.29,0.89,2024-11-09,12,0.3,0.08,500,25
SKU00480,3C电子-商品0480,3C电子,SUP029,146.48,0.89,2025-12-07,12,0.3,0.08,200,43
SKU00481,3C电子-商品0481,3C电子,SUP047,150.27,1.07,2024-02-13,12,0.3,0.08,200,54
SKU00482,3C电子-商品0482,3C电子,SUP018,128.54,0.94,2025-03-21,12,0.3,0.08,50,19
SKU00483,3C电子-商品0483,3C电子,SUP041,116.29,1.09,2025-11-18,12,0.3,0.08,500,38
SKU00484,3C电子-商品0484,3C电子,SUP048,94.7,1.16,2025-06-09,12,0.3,0.08,100,16
SKU00485,3C电子-商品0485,3C电子,SUP039,118.33,0.51,2024-05-26,12,0.3,0.08,500,17
SKU00486,3C电子-商品0486,3C电子,SUP005,125.5,0.66,2024-05-09,12,0.3,0.08,100,38
SKU00487,3C电子-商品0487,3C电子,SUP025,161.05,0.67,2025-01-05,12,0.3,0.08,50,53
SKU00488,3C电子-商品0488,3C电子,SUP044,102.65,0.42,2024-06-06,12,0.3,0.08,500,38
SKU00489,3C电子-商品0489,3C电子,SUP029,102.43,0.32,2025-01-15,12,0.3,0.08,50,51
SKU00490,3C电子-商品0490,3C电子,SUP034,68.93,0.95,2024-05-20,12,0.3,0.08,200,40
SKU00491,3C电子-商品0491,3C电子,SUP042,157.99,0.89,2024-11-17,12,0.3,0.08,200,30
SKU00492,3C电子-商品0492,3C电子,SUP002,85.55,0.79,2024-04-26,12,0.3,0.08,100,46
SKU00493,3C电子-商品0493,3C电子,SUP025,119.85,0.57,2025-06-14,12,0.3,0.08,50,31
SKU00494,3C电子-商品0494,3C电子,SUP046,203.1,0.98,2024-09-23,12,0.3,0.08,500,28
SKU00495,3C电子-商品0495,3C电子,SUP019,111.07,0.81,2025-09-18,12,0.3,0.08,500,27
SKU00496,3C电子-商品0496,3C电子,SUP009,129.08,0.39,2024-05-05,12,0.3,0.08,50,43
SKU00497,3C电子-商品0497,3C电子,SUP046,110.05,0.66,2024-06-25,12,0.3,0.08,500,20
SKU00498,3C电子-商品0498,3C电子,SUP021,84.51,0.74,2025-11-29,12,0.3,0.08,200,19
SKU00499,3C电子-商品0499,3C电子,SUP035,225.13,0.93,2025-07-17,12,0.3,0.08,200,34
SKU00500,3C电子-商品0500,3C电子,SUP046,98.26,0.91,2024-06-10,12,0.3,0.08,100,38
SKU00501,3C电子-商品0501,3C电子,SUP015,195.83,0.98,2025-06-04,12,0.3,0.08,50,27
SKU00502,3C电子-商品0502,3C电子,SUP016,122.53,0.67,2024-05-22,12,0.3,0.08,500,16
SKU00503,3C电子-商品0503,3C电子,SUP036,153.22,0.88,2025-01-04,12,0.3,0.08,200,44
SKU00504,3C电子-商品0504,3C电子,SUP009,164.15,0.93,2025-07-18,12,0.3,0.08,50,19
SKU00505,3C电子-商品0505,3C电子,SUP026,173.27,0.69,2024-11-12,12,0.3,0.08,500,48
SKU00506,3C电子-商品0506,3C电子,SUP050,190.3,0.84,2025-02-24,12,0.3,0.08,500,51
SKU00507,3C电子-商品0507,3C电子,SUP009,248.1,0.66,2024-03-16,12,0.3,0.08,200,19
SKU00508,3C电子-商品0508,3C电子,SUP030,220.32,0.84,2025-04-05,12,0.3,0.08,200,23
SKU00509,3C电子-商品0509,3C电子,SUP041,95.54,0.7,2025-07-18,12,0.3,0.08,100,23
SKU00510,3C电子-商品0510,3C电子,SUP033,107.27,0.88,2025-03-19,12,0.3,0.08,50,22
SKU00511,3C电子-商品0511,3C电子,SUP010,144.1,0.69,2025-06-14,12,0.3,0.08,200,25
SKU00512,3C电子-商品0512,3C电子,SUP021,118.98,1.23,2024-06-14,12,0.3,0.08,100,37
SKU00513,3C电子-商品0513,3C电子,SUP019,219.67,0.89,2025-06-15,12,0.3,0.08,50,31
SKU00514,3C电子-商品0514,3C电子,SUP041,121.61,0.82,2024-07-20,12,0.3,0.08,200,23
SKU00515,3C电子-商品0515,3C电子,SUP020,148.74,0.6,2025-10-02,12,0.3,0.08,50,47
SKU00516,3C电子-商品0516,3C电子,SUP011,109.66,0.47,2025-10-18,12,0.3,0.08,100,25
SKU00517,3C电子-商品0517,3C电子,SUP040,138.0,0.93,2025-11-05,12,0.3,0.08,200,51
SKU00518,3C电子-商品0518,3C电子,SUP002,101.33,1.11,2024-02-12,12,0.3,0.08,50,17
SKU00519,3C电子-商品0519,3C电子,SUP050,78.14,0.51,2025-10-18,12,0.3,0.08,200,28
SKU00520,3C电子-商品0520,3C电子,SUP027,129.81,1.01,2025-08-08,12,0.3,0.08,50,46
SKU00521,3C电子-商品0521,3C电子,SUP035,216.34,0.71,2025-10-04,12,0.3,0.08,200,34
SKU00522,3C电子-商品0522,3C电子,SUP016,175.04,0.79,2025-05-09,12,0.3,0.08,500,34
SKU00523,3C电子-商品0523,3C电子,SUP005,112.96,0.98,2025-04-09,12,0.3,0.08,50,25
SKU00524,3C电子-商品0524,3C电子,SUP027,150.78,0.48,2025-03-26,12,0.3,0.08,500,44
SKU00525,3C电子-商品0525,3C电子,SUP022,201.2,1.08,2024-07-27,12,0.3,0.08,100,35
SKU00526,3C电子-商品0526,3C电子,SUP047,96.4,0.88,2024-11-22,12,0.3,0.08,200,40
SKU00527,3C电子-商品0527,3C电子,SUP049,142.65,0.85,2024-05-13,12,0.3,0.08,200,47
SKU00528,3C电子-商品0528,3C电子,SUP007,98.98,0.67,2025-07-29,12,0.3,0.08,200,30
SKU00529,3C电子-商品0529,3C电子,SUP008,118.93,1.03,2025-04-22,12,0.3,0.08,200,43
SKU00530,3C电子-商品0530,3C电子,SUP010,145.15,0.73,2024-09-10,12,0.3,0.08,50,18
SKU00531,3C电子-商品0531,3C电子,SUP025,157.21,0.23,2024-10-24,12,0.3,0.08,500,30
SKU00532,3C电子-商品0532,3C电子,SUP021,179.39,0.45,2024-06-12,12,0.3,0.08,200,27
SKU00533,3C电子-商品0533,3C电子,SUP032,105.7,0.58,2024-06-12,12,0.3,0.08,500,46
SKU00534,3C电子-商品0534,3C电子,SUP032,76.28,1.03,2024-11-11,12,0.3,0.08,50,20
SKU00535,3C电子-商品0535,3C电子,SUP033,101.88,0.87,2025-02-06,12,0.3,0.08,500,30
SKU00536,3C电子-商品0536,3C电子,SUP038,118.05,0.9,2024-08-08,12,0.3,0.08,200,18
SKU00537,3C电子-商品0537,3C电子,SUP019,123.27,0.54,2024-02-21,12,0.3,0.08,500,53
SKU00538,3C电子-商品0538,3C电子,SUP044,170.07,0.7,2025-10-31,12,0.3,0.08,500,33
SKU00539,3C电子-商品0539,3C电子,SUP001,69.59,0.71,2025-07-03,12,0.3,0.08,50,42
SKU00540,3C电子-商品0540,3C电子,SUP017,202.91,0.97,2024-05-17,12,0.3,0.08,200,40
SKU00541,3C电子-商品0541,3C电子,SUP003,106.21,0.73,2025-01-09,12,0.3,0.08,500,18
SKU00542,3C电子-商品0542,3C电子,SUP036,107.22,1.22,2025-08-06,12,0.3,0.08,100,38
SKU00543,3C电子-商品0543,3C电子,SUP019,137.16,0.89,2025-07-20,12,0.3,0.08,50,39
SKU00544,3C电子-商品0544,3C电子,SUP029,172.1,0.85,2025-05-31,12,0.3,0.08,200,54
SKU00545,3C电子-商品0545,3C电子,SUP040,109.6,0.76,2025-11-27,12,0.3,0.08,50,23
SKU00546,3C电子-商品0546,3C电子,SUP026,117.03,0.79,2024-04-09,12,0.3,0.08,200,36
SKU00547,3C电子-商品0547,3C电子,SUP024,154.8,0.81,2025-07-25,12,0.3,0.08,100,27
SKU00548,3C电子-商品0548,3C电子,SUP033,155.08,0.78,2025-09-08,12,0.3,0.08,500,47
SKU00549,3C电子-商品0549,3C电子,SUP003,123.35,0.4,2024-02-11,12,0.3,0.08,50,23
SKU00550,3C电子-商品0550,3C电子,SUP031,165.37,0.87,2024-12-07,12,0.3,0.08,500,24
SKU00551,家居用品-商品0551,家居用品,SUP033,92.18,0.97,2025-09-12,24,0.2,0.05,100,35
SKU00552,家居用品-商品0552,家居用品,SUP021,135.01,3.38,2025-09-19,24,0.2,0.05,100,40
SKU00553,家居用品-商品0553,家居用品,SUP048,95.8,2.59,2025-09-23,24,0.2,0.05,200,52
SKU00554,家居用品-商品0554,家居用品,SUP033,80.55,2.58,2024-12-10,24,0.2,0.05,500,51
SKU00555,家居用品-商品0555,家居用品,SUP031,52.25,5.17,2024-11-02,24,0.2,0.05,50,38
SKU00556,家居用品-商品0556,家居用品,SUP044,60.8,3.69,2024-12-05,24,0.2,0.05,50,41
SKU00557,家居用品-商品0557,家居用品,SUP020,88.14,3.93,2025-08-20,24,0.2,0.05,50,53
SKU00558,家居用品-商品0558,家居用品,SUP017,68.51,3.82,2025-04-30,24,0.2,0.05,100,18
SKU00559,家居用品-商品0559,家居用品,SUP031,150.74,3.45,2025-08-20,24,0.2,0.05,100,48
SKU00560,家居用品-商品0560,家居用品,SUP047,69.74,4.42,2025-10-06,24,0.2,0.05,500,24
SKU00561,家居用品-商品0561,家居用品,SUP016,95.71,4.54,2025-11-28,24,0.2,0.05,50,51
SKU00562,家居用品-商品0562,家居用品,SUP008,81.28,2.5,2025-12-18,24,0.2,0.05,100,16
SKU00563,家居用品-商品0563,家居用品,SUP021,115.13,2.5,2025-03-27,24,0.2,0.05,500,24
SKU00564,家居用品-商品0564,家居用品,SUP045,72.26,2.84,2025-02-26,24,0.2,0.05,100,41
SKU00565,家居用品-商品0565,家居用品,SUP050,63.56,3.79,2025-05-28,24,0.2,0.05,500,18
SKU00566,家居用品-商品0566,家居用品,SUP034,72.74,3.87,2024-05-21,24,0.2,0.05,100,50
SKU00567,家居用品-商品0567,家居用品,SUP043,114.34,3.9,2024-11-28,24,0.2,0.05,500,48
SKU00568,家居用品-商品0568,家居用品,SUP021,59.68,4.34,2025-01-20,24,0.2,0.05,100,44
SKU00569,家居用品-商品0569,家居用品,SUP022,98.56,2.43,2025-06-29,24,0.2,0.05,200,31
SKU00570,家居用品-商品0570,家居用品,SUP031,80.12,4.11,2025-09-16,24,0.2,0.05,100,30
SKU00571,家居用品-商品0571,家居用品,SUP036,58.57,4.7,2024-10-12,24,0.2,0.05,200,29
SKU00572,家居用品-商品0572,家居用品,SUP050,61.67,3.61,2024-10-31,24,0.2,0.05,200,28
SKU00573,家居用品-商品0573,家居用品,SUP046,61.18,3.51,2025-12-07,24,0.2,0.05,500,35
SKU00574,家居用品-商品0574,家居用品,SUP023,44.29,2.24,2025-05-06,24,0.2,0.05,200,33
SKU00575,家居用品-商品0575,家居用品,SUP037,113.58,2.76,2024-05-04,24,0.2,0.05,500,40
SKU00576,家居用品-商品0576,家居用品,SUP050,45.94,1.62,2024-12-19,24,0.2,0.05,100,33
SKU00577,家居用品-商品0577,家居用品,SUP019,51.97,2.34,2024-02-13,24,0.2,0.05,50,37
SKU00578,家居用品-商品0578,家居用品,SUP042,115.48,4.38,2025-03-28,24,0.2,0.05,200,45
SKU00579,家居用品-商品0579,家居用品,SUP013,51.09,5.47,2024-08-07,24,0.2,0.05,200,50
SKU00580,家居用品-商品0580,家居用品,SUP018,91.65,3.22,2025-12-13,24,0.2,0.05,100,21
SKU00581,家居用品-商品0581,家居用品,SUP048,27.1,5.5,2025-09-22,24,0.2,0.05,100,30
SKU00582,家居用品-商品0582,家居用品,SUP043,39.97,2.06,2024-02-21,24,0.2,0.05,100,55
SKU00583,家居用品-商品0583,家居用品,SUP004,92.97,5.63,2024-08-26,24,0.2,0.05,50,41
SKU00584,家居用品-商品0584,家居用品,SUP046,105.52,3.99,2024-12-04,24,0.2,0.05,500,21
SKU00585,家居用品-商品0585,家居用品,SUP050,80.04,4.25,2025-11-28,24,0.2,0.05,100,15
SKU00586,家居用品-商品0586,家居用品,SUP011,84.78,3.75,2025-07-17,24,0.2,0.05,500,45
SKU00587,家居用品-商品0587,家居用品,SUP042,67.41,3.45,2025-05-03,24,0.2,0.05,100,33
SKU00588,家居用品-商品0588,家居用品,SUP019,49.92,3.25,2024-11-24,24,0.2,0.05,50,20
SKU00589,家居用品-商品0589,家居用品,SUP037,35.94,3.41,2025-10-29,24,0.2,0.05,100,49
SKU00590,家居用品-商品0590,家居用品,SUP012,45.99,2.53,2024-02-08,24,0.2,0.05,500,26
SKU00591,家居用品-商品0591,家居用品,SUP026,69.22,4.72,2024-02-07,24,0.2,0.05,500,26
SKU00592,家居用品-商品0592,家居用品,SUP003,89.64,2.13,2024-10-23,24,0.2,0.05,50,34
SKU00593,家居用品-商品0593,家居用品,SUP039,45.97,4.32,2025-08-04,24,0.2,0.05,50,36
SKU00594,家居用品-商品0594,家居用品,SUP030,46.09,3.3,2024-10-18,24,0.2,0.05,500,23
SKU00595,家居用品-商品0595,家居用品,SUP030,78.8,2.65,2025-05-31,24,0.2,0.05,200,27
SKU00596,家居用品-商品0596,家居用品,SUP022,67.44,2.33,2024-04-25,24,0.2,0.05,100,44
SKU00597,家居用品-商品0597,家居用品,SUP017,52.66,3.78,2025-10-25,24,0.2,0.05,100,15
SKU00598,家居用品-商品0598,家居用品,SUP019,37.22,3.89,2024-12-11,24,0.2,0.05,100,26
SKU00599,家居用品-商品0599,家居用品,SUP041,64.55,3.98,2025-09-17,24,0.2,0.05,500,42
SKU00600,家居用品-商品0600,家居用品,SUP021,70.3,4.69,2025-06-11,24,0.2,0.05,50,40
SKU00601,家居用品-商品0601,家居用品,SUP007,67.91,3.12,2025-11-16,24,0.2,0.05,100,23
SKU00602,家居用品-商品0602,家居用品,SUP021,67.84,3.98,2025-05-03,24,0.2,0.05,100,15
SKU00603,家居用品-商品0603,家居用品,SUP025,66.12,3.54,2024-09-24,24,0.2,0.05,100,43
SKU00604,家居用品-商品0604,家居用品,SUP022,50.84,2.92,2024-09-30,24,0.2,0.05,200,52
SKU00605,家居用品-商品0605,家居用品,SUP001,39.78,5.03,2025-08-09,24,0.2,0.05,200,38
SKU00606,家居用品-商品0606,家居用品,SUP016,42.06,2.89,2025-12-10,24,0.2,0.05,50,22
SKU00607,家居用品-商品0607,家居用品,SUP020,50.55,4.28,2025-04-21,24,0.2,0.05,100,40
SKU00608,家居用品-商品0608,家居用品,SUP033,58.62,4.59,2025-12-03,24,0.2,0.05,200,22
SKU00609,家居用品-商品0609,家居用品,SUP019,51.35,3.74,2025-10-16,24,0.2,0.05,200,54
SKU00610,家居用品-商品0610,家居用品,SUP015,48.52,5.38,2024-08-14,24,0.2,0.05,100,45
SKU00611,家居用品-商品0611,家居用品,SUP030,42.89,3.77,2024-06-05,24,0.2,0.05,200,41
SKU00612,家居用品-商品0612,家居用品,SUP036,81.14,3.86,2025-12-19,24,0.2,0.05,500,49
SKU00613,家居用品-商品0613,家居用品,SUP014,60.92,3.39,2025-11-11,24,0.2,0.05,100,53
SKU00614,家居用品-商品0614,家居用品,SUP034,66.0,3.37,2024-03-24,24,0.2,0.05,500,48
SKU00615,家居用品-商品0615,家居用品,SUP024,91.08,5.43,2025-12-21,24,0.2,0.05,50,51
SKU00616,家居用品-商品0616,家居用品,SUP004,53.48,2.3,2024-04-24,24,0.2,0.05,100,51
SKU00617,家居用品-商品0617,家居用品,SUP010,63.02,5.76,2025-07-03,24,0.2,0.05,100,35
SKU00618,家居用品-商品0618,家居用品,SUP029,49.06,4.93,2025-06-16,24,0.2,0.05,50,28
SKU00619,家居用品-商品0619,家居用品,SUP032,116.93,3.02,2025-08-20,24,0.2,0.05,50,47
SKU00620,家居用品-商品0620,家居用品,SUP004,79.32,4.92,2025-04-01,24,0.2,0.05,500,23
SKU00621,家居用品-商品0621,家居用品,SUP027,56.92,3.32,2025-06-09,24,0.2,0.05,500,51
SKU00622,家居用品-商品0622,家居用品,SUP036,53.03,2.61,2024-02-29,24,0.2,0.05,500,34
SKU00623,家居用品-商品0623,家居用品,SUP026,51.79,2.43,2024-01-23,24,0.2,0.05,200,15
SKU00624,家居用品-商品0624,家居用品,SUP038,65.78,2.83,2024-08-11,24,0.2,0.05,50,17
SKU00625,家居用品-商品0625,家居用品,SUP023,70.54,2.14,2025-03-09,24,0.2,0.05,50,49
SKU00626,家居用品-商品0626,家居用品,SUP005,72.98,4.23,2024-03-02,24,0.2,0.05,500,17
SKU00627,家居用品-商品0627,家居用品,SUP027,32.35,3.83,2024-10-20,24,0.2,0.05,100,23
SKU00628,家居用品-商品0628,家居用品,SUP047,99.89,2.44,2025-10-18,24,0.2,0.05,500,38
SKU00629,家居用品-商品0629,家居用品,SUP029,116.72,3.87,2025-01-26,24,0.2,0.05,500,39
SKU00630,家居用品-商品0630,家居用品,SUP044,50.79,3.45,2024-03-23,24,0.2,0.05,100,37
SKU00631,家居用品-商品0631,家居用品,SUP012,79.03,3.57,2024-05-01,24,0.2,0.05,500,48
SKU00632,家居用品-商品0632,家居用品,SUP047,78.49,2.69,2024-05-10,24,0.2,0.05,100,15
SKU00633,家居用品-商品0633,家居用品,SUP020,68.97,2.26,2024-01-24,24,0.2,0.05,500,49
SKU00634,家居用品-商品0634,家居用品,SUP035,62.52,2.71,2025-03-10,24,0.2,0.05,500,29
SKU00635,家居用品-商品0635,家居用品,SUP030,50.25,4.58,2024-09-10,24,0.2,0.05,200,24
SKU00636,家居用品-商品0636,家居用品,SUP013,95.23,4.03,2024-10-09,24,0.2,0.05,50,17
SKU00637,家居用品-商品0637,家居用品,SUP027,44.35,3.22,2025-11-07,24,0.2,0.05,50,30
SKU00638,家居用品-商品0638,家居用品,SUP005,99.38,3.62,2024-07-30,24,0.2,0.05,50,53
SKU00639,家居用品-商品0639,家居用品,SUP029,146.37,3.84,2024-02-04,24,0.2,0.05,50,30
SKU00640,家居用品-商品0640,家居用品,SUP026,69.52,3.23,2024-02-15,24,0.2,0.05,500,29
SKU00641,家居用品-商品0641,家居用品,SUP014,68.11,3.37,2025-07-06,24,0.2,0.05,50,23
SKU00642,家居用品-商品0642,家居用品,SUP019,83.28,4.34,2025-05-30,24,0.2,0.05,100,51
SKU00643,家居用品-商品0643,家居用品,SUP037,49.37,2.34,2024-11-22,24,0.2,0.05,200,30
SKU00644,家居用品-商品0644,家居用品,SUP010,34.18,3.94,2024-11-05,24,0.2,0.05,100,41
SKU00645,家居用品-商品0645,家居用品,SUP018,44.18,1.62,2024-11-03,24,0.2,0.05,50,50
SKU00646,家居用品-商品0646,家居用品,SUP048,74.47,5.68,2025-08-28,24,0.2,0.05,100,55
SKU00647,家居用品-商品0647,家居用品,SUP028,64.86,4.23,2025-11-26,24,0.2,0.05,500,18
SKU00648,家居用品-商品0648,家居用品,SUP042,66.89,3.41,2024-12-18,24,0.2,0.05,500,48
SKU00649,家居用品-商品0649,家居用品,SUP045,89.66,3.25,2024-11-22,24,0.2,0.05,500,41
SKU00650,家居用品-商品0650,家居用品,SUP020,71.38,3.78,2024-06-01,24,0.2,0.05,500,26
SKU00651,家居用品-商品0651,家居用品,SUP031,51.45,4.37,2025-07-04,24,0.2,0.05,100,29
SKU00652,家居用品-商品0652,家居用品,SUP046,61.14,2.84,2024-11-03,24,0.2,0.05,100,44
SKU00653,家居用品-商品0653,家居用品,SUP036,78.43,2.71,2024-02-29,24,0.2,0.05,500,41
SKU00654,家居用品-商品0654,家居用品,SUP034,65.64,3.49,2025-07-24,24,0.2,0.05,100,39
SKU00655,家居用品-商品0655,家居用品,SUP017,95.05,3.92,2024-09-05,24,0.2,0.05,100,36
SKU00656,家居用品-商品0656,家居用品,SUP006,64.43,4.22,2025-10-24,24,0.2,0.05,500,38
SKU00657,家居用品-商品0657,家居用品,SUP035,105.74,3.99,2024-04-04,24,0.2,0.05,100,18
SKU00658,家居用品-商品0658,家居用品,SUP025,65.24,2.35,2024-10-01,24,0.2,0.05,50,19
SKU00659,家居用品-商品0659,家居用品,SUP049,44.77,3.23,2024-07-11,24,0.2,0.05,100,45
SKU00660,家居用品-商品0660,家居用品,SUP022,52.51,3.34,2024-08-01,24,0.2,0.05,200,15
SKU00661,家居用品-商品0661,家居用品,SUP013,66.3,3.96,2024-08-04,24,0.2,0.05,50,45
SKU00662,家居用品-商品0662,家居用品,SUP045,63.42,3.93,2024-09-05,24,0.2,0.05,100,40
SKU00663,家居用品-商品0663,家居用品,SUP036,66.48,1.77,2024-09-02,24,0.2,0.05,200,33
SKU00664,家居用品-商品0664,家居用品,SUP030,46.79,3.37,2025-01-24,24,0.2,0.05,200,34
SKU00665,家居用品-商品0665,家居用品,SUP024,42.56,4.02,2024-09-24,24,0.2,0.05,500,44
SKU00666,家居用品-商品0666,家居用品,SUP047,111.07,4.57,2024-04-10,24,0.2,0.05,500,35
SKU00667,家居用品-商品0667,家居用品,SUP024,60.32,4.8,2024-07-27,24,0.2,0.05,200,41
SKU00668,家居用品-商品0668,家居用品,SUP037,68.47,3.21,2024-02-16,24,0.2,0.05,100,24
SKU00669,家居用品-商品0669,家居用品,SUP017,52.44,3.24,2024-01-17,24,0.2,0.05,500,33
SKU00670,家居用品-商品0670,家居用品,SUP013,56.74,3.65,2024-06-05,24,0.2,0.05,200,29
SKU00671,家居用品-商品0671,家居用品,SUP037,68.76,3.5,2025-01-23,24,0.2,0.05,100,46
SKU00672,家居用品-商品0672,家居用品,SUP042,75.74,4.54,2025-07-17,24,0.2,0.05,200,31
SKU00673,家居用品-商品0673,家居用品,SUP047,90.63,2.2,2025-05-15,24,0.2,0.05,500,44
SKU00674,家居用品-商品0674,家居用品,SUP047,26.59,4.32,2024-06-21,24,0.2,0.05,200,25
SKU00675,家居用品-商品0675,家居用品,SUP047,40.29,3.3,2024-05-23,24,0.2,0.05,500,26
SKU00676,家居用品-商品0676,家居用品,SUP042,43.16,1.92,2025-07-09,24,0.2,0.05,50,48
SKU00677,家居用品-商品0677,家居用品,SUP005,78.56,4.16,2024-02-04,24,0.2,0.05,50,15
SKU00678,家居用品-商品0678,家居用品,SUP009,53.12,1.23,2025-02-26,24,0.2,0.05,100,19
SKU00679,家居用品-商品0679,家居用品,SUP001,53.69,3.84,2024-06-03,24,0.2,0.05,100,47
SKU00680,家居用品-商品0680,家居用品,SUP024,38.74,3.66,2025-04-11,24,0.2,0.05,50,54
SKU00681,家居用品-商品0681,家居用品,SUP043,64.65,4.01,2025-10-15,24,0.2,0.05,500,46
SKU00682,家居用品-商品0682,家居用品,SUP001,67.78,2.65,2024-01-17,24,0.2,0.05,500,15
SKU00683,家居用品-商品0683,家居用品,SUP034,98.81,3.36,2024-01-18,24,0.2,0.05,200,49
SKU00684,家居用品-商品0684,家居用品,SUP002,64.38,2.68,2024-10-20,24,0.2,0.05,500,26
SKU00685,家居用品-商品0685,家居用品,SUP007,55.66,2.73,2024-04-19,24,0.2,0.05,100,30
SKU00686,家居用品-商品0686,家居用品,SUP040,61.18,5.0,2024-07-15,24,0.2,0.05,200,37
SKU00687,家居用品-商品0687,家居用品,SUP026,40.21,2.09,2024-09-30,24,0.2,0.05,50,38
SKU00688,家居用品-商品0688,家居用品,SUP030,108.78,3.32,2025-02-19,24,0.2,0.05,100,29
SKU00689,家居用品-商品0689,家居用品,SUP044,51.43,4.41,2024-11-03,24,0.2,0.05,50,17
SKU00690,家居用品-商品0690,家居用品,SUP026,52.58,5.1,2024-04-05,24,0.2,0.05,500,39
SKU00691,家居用品-商品0691,家居用品,SUP031,82.41,3.07,2025-07-19,24,0.2,0.05,50,55
SKU00692,家居用品-商品0692,家居用品,SUP045,138.3,2.97,2024-01-10,24,0.2,0.05,100,20
SKU00693,家居用品-商品0693,家居用品,SUP028,84.28,3.76,2025-05-26,24,0.2,0.05,200,51
SKU00694,家居用品-商品0694,家居用品,SUP034,102.51,4.87,2024-04-07,24,0.2,0.05,50,29
SKU00695,家居用品-商品0695,家居用品,SUP045,65.73,2.84,2024-08-04,24,0.2,0.05,500,32
SKU00696,家居用品-商品0696,家居用品,SUP005,76.35,2.91,2024-02-17,24,0.2,0.05,200,49
SKU00697,家居用品-商品0697,家居用品,SUP043,131.51,3.62,2025-07-31,24,0.2,0.05,50,26
SKU00698,家居用品-商品0698,家居用品,SUP002,57.2,3.66,2024-11-18,24,0.2,0.05,100,52
SKU00699,家居用品-商品0699,家居用品,SUP049,40.56,2.65,2024-05-27,24,0.2,0.05,500,19
SKU00700,家居用品-商品0700,家居用品,SUP011,98.94,2.93,2024-11-02,24,0.2,0.05,100,51
SKU00701,家居用品-商品0701,家居用品,SUP044,45.06,3.97,2025-02-02,24,0.2,0.05,200,39
SKU00702,家居用品-商品0702,家居用品,SUP045,98.43,4.13,2024-05-23,24,0.2,0.05,50,47
SKU00703,家居用品-商品0703,家居用品,SUP004,92.11,2.84,2024-12-20,24,0.2,0.05,50,42
SKU00704,家居用品-商品0704,家居用品,SUP005,39.52,4.81,2024-08-25,24,0.2,0.05,200,53
SKU00705,家居用品-商品0705,家居用品,SUP039,58.06,3.28,2025-09-20,24,0.2,0.05,500,35
SKU00706,家居用品-商品0706,家居用品,SUP041,103.47,3.99,2024-01-31,24,0.2,0.05,200,43
SKU00707,家居用品-商品0707,家居用品,SUP015,76.24,5.39,2025-05-17,24,0.2,0.05,200,50
SKU00708,家居用品-商品0708,家居用品,SUP028,51.89,4.31,2025-01-19,24,0.2,0.05,100,52
SKU00709,家居用品-商品0709,家居用品,SUP025,66.31,3.74,2025-11-07,24,0.2,0.05,50,54
SKU00710,家居用品-商品0710,家居用品,SUP016,110.98,3.94,2024-10-29,24,0.2,0.05,50,20
SKU00711,家居用品-商品0711,家居用品,SUP010,78.48,4.44,2024-10-01,24,0.2,0.05,500,55
SKU00712,家居用品-商品0712,家居用品,SUP048,57.21,2.77,2024-06-06,24,0.2,0.05,500,35
SKU00713,家居用品-商品0713,家居用品,SUP007,45.09,1.78,2025-01-04,24,0.2,0.05,50,15
SKU00714,家居用品-商品0714,家居用品,SUP029,133.49,2.53,2024-11-11,24,0.2,0.05,200,32
SKU00715,家居用品-商品0715,家居用品,SUP009,60.16,3.26,2024-04-14,24,0.2,0.05,50,26
SKU00716,家居用品-商品0716,家居用品,SUP029,72.38,4.21,2025-03-17,24,0.2,0.05,500,21
SKU00717,家居用品-商品0717,家居用品,SUP006,87.84,2.99,2024-01-27,24,0.2,0.05,200,50
SKU00718,家居用品-商品0718,家居用品,SUP039,61.31,3.75,2024-04-05,24,0.2,0.05,200,39
SKU00719,家居用品-商品0719,家居用品,SUP019,59.58,4.91,2024-01-13,24,0.2,0.05,500,39
SKU00720,家居用品-商品0720,家居用品,SUP047,77.19,4.14,2024-03-27,24,0.2,0.05,100,51
SKU00721,家居用品-商品0721,家居用品,SUP011,81.97,4.53,2025-06-17,24,0.2,0.05,500,25
SKU00722,家居用品-商品0722,家居用品,SUP018,69.25,2.37,2024-05-22,24,0.2,0.05,200,32
SKU00723,家居用品-商品0723,家居用品,SUP010,74.76,2.93,2025-05-19,24,0.2,0.05,50,25
SKU00724,家居用品-商品0724,家居用品,SUP018,54.02,4.01,2025-03-21,24,0.2,0.05,500,34
SKU00725,家居用品-商品0725,家居用品,SUP005,100.26,3.52,2025-05-10,24,0.2,0.05,200,31
SKU00726,家居用品-商品0726,家居用品,SUP047,72.42,4.99,2024-09-09,24,0.2,0.05,500,53
SKU00727,家居用品-商品0727,家居用品,SUP013,70.71,5.78,2025-09-23,24,0.2,0.05,500,21
SKU00728,家居用品-商品0728,家居用品,SUP020,79.23,1.96,2024-05-18,24,0.2,0.05,50,40
SKU00729,家居用品-商品0729,家居用品,SUP040,84.61,3.83,2024-12-06,24,0.2,0.05,500,36
SKU00730,家居用品-商品0730,家居用品,SUP022,102.08,4.09,2025-03-26,24,0.2,0.05,500,53
SKU00731,宠物用品-商品0731,宠物用品,SUP020,33.34,0.83,2024-05-19,30,0.1,0.02,200,53
SKU00732,宠物用品-商品0732,宠物用品,SUP013,32.53,0.94,2025-12-12,30,0.1,0.02,500,35
SKU00733,宠物用品-商品0733,宠物用品,SUP026,28.56,1.38,2024-06-30,30,0.1,0.02,200,33
SKU00734,宠物用品-商品0734,宠物用品,SUP041,62.79,1.32,2025-12-12,30,0.1,0.02,500,51
SKU00735,宠物用品-商品0735,宠物用品,SUP021,23.03,1.33,2024-09-05,30,0.1,0.02,500,32
SKU00736,宠物用品-商品0736,宠物用品,SUP024,53.21,1.02,2025-02-06,30,0.1,0.02,50,51
SKU00737,宠物用品-商品0737,宠物用品,SUP038,33.4,1.2,2024-07-23,30,0.1,0.02,100,50
SKU00738,宠物用品-商品0738,宠物用品,SUP047,26.59,1.39,2024-01-28,30,0.1,0.02,500,28
SKU00739,宠物用品-商品0739,宠物用品,SUP019,33.55,1.33,2025-03-24,30,0.1,0.02,50,41
SKU00740,宠物用品-商品0740,宠物用品,SUP032,25.65,1.07,2025-11-20,30,0.1,0.02,100,55
SKU00741,宠物用品-商品0741,宠物用品,SUP016,45.07,1.09,2024-11-06,30,0.1,0.02,200,24
SKU00742,宠物用品-商品0742,宠物用品,SUP025,64.06,1.08,2025-03-09,30,0.1,0.02,50,43
SKU00743,宠物用品-商品0743,宠物用品,SUP031,37.86,1.48,2025-09-04,30,0.1,0.02,500,49
SKU00744,宠物用品-商品0744,宠物用品,SUP045,21.3,0.67,2025-06-02,30,0.1,0.02,500,49
SKU00745,宠物用品-商品0745,宠物用品,SUP024,20.52,1.58,2024-02-07,30,0.1,0.02,50,21
SKU00746,宠物用品-商品0746,宠物用品,SUP043,28.85,1.97,2024-09-11,30,0.1,0.02,200,25
SKU00747,宠物用品-商品0747,宠物用品,SUP040,28.73,1.26,2025-10-24,30,0.1,0.02,50,51
SKU00748,宠物用品-商品0748,宠物用品,SUP044,60.04,1.8,2025-10-22,30,0.1,0.02,500,36
SKU00749,宠物用品-商品0749,宠物用品,SUP007,72.01,1.56,2025-03-16,30,0.1,0.02,50,21
SKU00750,宠物用品-商品0750,宠物用品,SUP015,50.09,1.38,2024-09-21,30,0.1,0.02,100,43
SKU00751,宠物用品-商品0751,宠物用品,SUP026,45.96,1.03,2025-01-18,30,0.1,0.02,500,52
SKU00752,宠物用品-商品0752,宠物用品,SUP033,26.28,1.2,2025-12-08,30,0.1,0.02,100,37
SKU00753,宠物用品-商品0753,宠物用品,SUP031,32.98,1.06,2024-01-26,30,0.1,0.02,50,33
SKU00754,宠物用品-商品0754,宠物用品,SUP006,44.66,1.49,2025-03-01,30,0.1,0.02,50,24
SKU00755,宠物用品-商品0755,宠物用品,SUP020,36.1,1.64,2024-12-22,30,0.1,0.02,200,44
SKU00756,宠物用品-商品0756,宠物用品,SUP034,23.47,1.14,2024-07-30,30,0.1,0.02,500,37
SKU00757,宠物用品-商品0757,宠物用品,SUP007,27.23,0.64,2025-05-02,30,0.1,0.02,500,43
SKU00758,宠物用品-商品0758,宠物用品,SUP005,34.0,1.16,2024-11-22,30,0.1,0.02,200,17
SKU00759,宠物用品-商品0759,宠物用品,SUP002,59.45,1.39,2024-04-27,30,0.1,0.02,200,21
SKU00760,宠物用品-商品0760,宠物用品,SUP011,24.46,1.76,2025-11-24,30,0.1,0.02,100,48
SKU00761,宠物用品-商品0761,宠物用品,SUP036,53.66,1.37,2024-06-27,30,0.1,0.02,100,36
SKU00762,宠物用品-商品0762,宠物用品,SUP028,32.33,0.91,2025-07-27,30,0.1,0.02,500,29
SKU00763,宠物用品-商品0763,宠物用品,SUP041,30.72,1.53,2025-02-18,30,0.1,0.02,100,26
SKU00764,宠物用品-商品0764,宠物用品,SUP043,67.69,1.66,2025-10-17,30,0.1,0.02,500,40
SKU00765,宠物用品-商品0765,宠物用品,SUP048,29.5,0.86,2024-01-30,30,0.1,0.02,100,43
SKU00766,宠物用品-商品0766,宠物用品,SUP028,36.77,0.67,2025-08-29,30,0.1,0.02,500,15
SKU00767,宠物用品-商品0767,宠物用品,SUP014,39.19,1.16,2024-08-07,30,0.1,0.02,200,19
SKU00768,宠物用品-商品0768,宠物用品,SUP007,29.73,0.72,2025-08-14,30,0.1,0.02,100,38
SKU00769,宠物用品-商品0769,宠物用品,SUP013,41.89,1.04,2024-11-29,30,0.1,0.02,500,22
SKU00770,宠物用品-商品0770,宠物用品,SUP043,23.24,0.34,2024-09-25,30,0.1,0.02,500,48
SKU00771,宠物用品-商品0771,宠物用品,SUP021,34.66,1.73,2025-10-16,30,0.1,0.02,500,54
SKU00772,宠物用品-商品0772,宠物用品,SUP038,62.6,1.06,2025-02-05,30,0.1,0.02,50,37
SKU00773,宠物用品-商品0773,宠物用品,SUP030,28.35,1.34,2024-12-26,30,0.1,0.02,100,34
SKU00774,宠物用品-商品0774,宠物用品,SUP038,24.68,1.29,2025-09-21,30,0.1,0.02,50,23
SKU00775,宠物用品-商品0775,宠物用品,SUP008,45.76,1.57,2024-11-16,30,0.1,0.02,100,34
SKU00776,宠物用品-商品0776,宠物用品,SUP012,33.79,1.14,2024-04-29,30,0.1,0.02,200,24
SKU00777,宠物用品-商品0777,宠物用品,SUP025,25.74,0.95,2025-06-07,30,0.1,0.02,500,53
SKU00778,宠物用品-商品0778,宠物用品,SUP037,32.33,1.31,2024-05-21,30,0.1,0.02,500,42
SKU00779,宠物用品-商品0779,宠物用品,SUP032,48.19,0.96,2024-07-09,30,0.1,0.02,100,50
SKU00780,宠物用品-商品0780,宠物用品,SUP032,59.01,1.12,2024-06-19,30,0.1,0.02,200,23
SKU00781,宠物用品-商品0781,宠物用品,SUP021,34.74,0.98,2024-07-10,30,0.1,0.02,500,54
SKU00782,宠物用品-商品0782,宠物用品,SUP023,14.98,1.47,2024-02-24,30,0.1,0.02,50,46
SKU00783,宠物用品-商品0783,宠物用品,SUP013,45.3,1.12,2024-05-19,30,0.1,0.02,500,50
SKU00784,宠物用品-商品0784,宠物用品,SUP042,35.83,1.35,2025-06-01,30,0.1,0.02,500,41
SKU00785,宠物用品-商品0785,宠物用品,SUP032,20.26,1.04,2025-12-02,30,0.1,0.02,500,43
SKU00786,宠物用品-商品0786,宠物用品,SUP011,46.22,0.82,2025-05-15,30,0.1,0.02,50,51
SKU00787,宠物用品-商品0787,宠物用品,SUP049,38.79,0.79,2024-02-01,30,0.1,0.02,100,33
SKU00788,宠物用品-商品0788,宠物用品,SUP018,41.21,1.19,2024-02-03,30,0.1,0.02,100,49
SKU00789,宠物用品-商品0789,宠物用品,SUP011,19.89,1.55,2024-10-22,30,0.1,0.02,500,51
SKU00790,宠物用品-商品0790,宠物用品,SUP036,27.06,0.96,2025-05-22,30,0.1,0.02,50,51
SKU00791,宠物用品-商品0791,宠物用品,SUP018,37.55,1.54,2024-04-26,30,0.1,0.02,200,49
SKU00792,宠物用品-商品0792,宠物用品,SUP049,24.53,1.22,2024-02-12,30,0.1,0.02,500,49
SKU00793,宠物用品-商品0793,宠物用品,SUP028,40.67,1.41,2024-08-11,30,0.1,0.02,50,30
SKU00794,宠物用品-商品0794,宠物用品,SUP003,37.23,1.09,2024-10-31,30,0.1,0.02,500,31
SKU00795,宠物用品-商品0795,宠物用品,SUP006,26.2,1.23,2024-12-22,30,0.1,0.02,500,22
SKU00796,宠物用品-商品0796,宠物用品,SUP014,24.05,0.32,2024-08-30,30,0.1,0.02,200,54
SKU00797,宠物用品-商品0797,宠物用品,SUP028,40.78,1.47,2025-10-09,30,0.1,0.02,100,54
SKU00798,宠物用品-商品0798,宠物用品,SUP014,15.31,0.9,2024-05-22,30,0.1,0.02,100,18
SKU00799,宠物用品-商品0799,宠物用品,SUP023,43.47,1.82,2025-08-06,30,0.1,0.02,200,53
SKU00800,宠物用品-商品0800,宠物用品,SUP011,35.26,0.98,2025-07-05,30,0.1,0.02,200,33
SKU00801,宠物用品-商品0801,宠物用品,SUP037,32.83,1.61,2024-10-23,30,0.1,0.02,200,47
SKU00802,宠物用品-商品0802,宠物用品,SUP007,27.92,0.96,2025-11-26,30,0.1,0.02,100,41
SKU00803,宠物用品-商品0803,宠物用品,SUP018,29.56,0.91,2024-03-01,30,0.1,0.02,100,23
SKU00804,宠物用品-商品0804,宠物用品,SUP010,36.54,1.69,2024-09-12,30,0.1,0.02,200,30
SKU00805,宠物用品-商品0805,宠物用品,SUP026,39.19,1.12,2025-11-23,30,0.1,0.02,500,24
SKU00806,宠物用品-商品0806,宠物用品,SUP041,31.6,0.73,2025-08-14,30,0.1,0.02,200,55
SKU00807,宠物用品-商品0807,宠物用品,SUP025,47.68,1.18,2025-02-28,30,0.1,0.02,500,19
SKU00808,宠物用品-商品0808,宠物用品,SUP050,32.86,2.16,2025-10-10,30,0.1,0.02,50,40
SKU00809,宠物用品-商品0809,宠物用品,SUP048,38.86,0.97,2025-06-11,30,0.1,0.02,200,38
SKU00810,宠物用品-商品0810,宠物用品,SUP032,30.15,1.54,2025-04-10,30,0.1,0.02,200,52
SKU00811,宠物用品-商品0811,宠物用品,SUP050,36.42,0.77,2024-01-03,30,0.1,0.02,50,44
SKU00812,宠物用品-商品0812,宠物用品,SUP043,48.28,1.0,2025-10-12,30,0.1,0.02,200,19
SKU00813,宠物用品-商品0813,宠物用品,SUP026,67.42,1.52,2025-07-01,30,0.1,0.02,100,42
SKU00814,宠物用品-商品0814,宠物用品,SUP032,29.93,1.58,2024-08-04,30,0.1,0.02,200,35
SKU00815,宠物用品-商品0815,宠物用品,SUP022,35.84,1.46,2024-10-17,30,0.1,0.02,100,51
SKU00816,宠物用品-商品0816,宠物用品,SUP022,41.47,0.95,2025-05-11,30,0.1,0.02,50,17
SKU00817,宠物用品-商品0817,宠物用品,SUP041,27.94,1.51,2024-04-11,30,0.1,0.02,500,16
SKU00818,宠物用品-商品0818,宠物用品,SUP011,31.13,1.08,2024-05-07,30,0.1,0.02,500,44
SKU00819,宠物用品-商品0819,宠物用品,SUP028,25.05,1.33,2024-01-01,30,0.1,0.02,100,23
SKU00820,宠物用品-商品0820,宠物用品,SUP020,72.04,0.88,2025-10-27,30,0.1,0.02,100,32
SKU00821,宠物用品-商品0821,宠物用品,SUP042,35.3,1.62,2024-04-05,30,0.1,0.02,200,31
SKU00822,宠物用品-商品0822,宠物用品,SUP024,34.04,1.34,2024-03-25,30,0.1,0.02,100,18
SKU00823,宠物用品-商品0823,宠物用品,SUP041,24.13,1.33,2025-02-09,30,0.1,0.02,200,29
SKU00824,宠物用品-商品0824,宠物用品,SUP042,32.78,1.5,2025-03-15,30,0.1,0.02,50,21
SKU00825,宠物用品-商品0825,宠物用品,SUP014,53.03,1.98,2024-01-02,30,0.1,0.02,500,19
SKU00826,宠物用品-商品0826,宠物用品,SUP038,42.87,1.3,2024-05-15,30,0.1,0.02,100,48
SKU00827,宠物用品-商品0827,宠物用品,SUP029,37.46,1.09,2025-11-27,30,0.1,0.02,50,15
SKU00828,宠物用品-商品0828,宠物用品,SUP022,39.4,1.11,2025-12-13,30,0.1,0.02,50,42
SKU00829,宠物用品-商品0829,宠物用品,SUP009,37.13,1.6,2025-12-11,30,0.1,0.02,500,19
SKU00830,宠物用品-商品0830,宠物用品,SUP025,24.61,1.54,2024-08-22,30,0.1,0.02,50,21
SKU00831,宠物用品-商品0831,宠物用品,SUP021,55.5,1.16,2024-04-15,30,0.1,0.02,200,34
SKU00832,宠物用品-商品0832,宠物用品,SUP025,16.65,1.02,2024-05-20,30,0.1,0.02,100,24
SKU00833,宠物用品-商品0833,宠物用品,SUP034,55.11,1.19,2024-03-11,30,0.1,0.02,50,54
SKU00834,宠物用品-商品0834,宠物用品,SUP011,24.67,1.05,2025-10-27,30,0.1,0.02,500,37
SKU00835,宠物用品-商品0835,宠物用品,SUP041,46.97,1.36,2024-08-06,30,0.1,0.02,100,41
SKU00836,宠物用品-商品0836,宠物用品,SUP044,32.19,1.09,2025-09-22,30,0.1,0.02,500,28
SKU00837,宠物用品-商品0837,宠物用品,SUP007,30.52,0.92,2024-03-29,30,0.1,0.02,100,22
SKU00838,宠物用品-商品0838,宠物用品,SUP047,61.6,1.1,2025-08-26,30,0.1,0.02,500,37
SKU00839,宠物用品-商品0839,宠物用品,SUP021,53.59,1.66,2025-03-15,30,0.1,0.02,100,30
SKU00840,宠物用品-商品0840,宠物用品,SUP042,49.64,1.07,2024-10-10,30,0.1,0.02,50,30
SKU00841,美妆个护-商品0841,美妆个护,SUP039,63.35,0.3,2025-07-20,20,0.4,0.1,200,16
SKU00842,美妆个护-商品0842,美妆个护,SUP020,40.09,0.32,2025-11-05,20,0.4,0.1,100,48
SKU00843,美妆个护-商品0843,美妆个护,SUP033,36.4,0.39,2025-09-13,20,0.4,0.1,100,40
SKU00844,美妆个护-商品0844,美妆个护,SUP042,46.75,0.32,2024-10-29,20,0.4,0.1,50,30
SKU00845,美妆个护-商品0845,美妆个护,SUP025,60.73,0.28,2025-05-21,20,0.4,0.1,50,30
SKU00846,美妆个护-商品0846,美妆个护,SUP041,67.54,0.26,2025-05-26,20,0.4,0.1,50,48
SKU00847,美妆个护-商品0847,美妆个护,SUP024,74.61,0.2,2024-01-13,20,0.4,0.1,200,23
SKU00848,美妆个护-商品0848,美妆个护,SUP037,57.49,0.45,2025-01-31,20,0.4,0.1,500,38
SKU00849,美妆个护-商品0849,美妆个护,SUP044,38.75,0.25,2025-07-13,20,0.4,0.1,100,45
SKU00850,美妆个护-商品0850,美妆个护,SUP002,65.84,0.31,2024-03-15,20,0.4,0.1,50,15
SKU00851,美妆个护-商品0851,美妆个护,SUP014,62.18,0.34,2024-09-25,20,0.4,0.1,50,18
SKU00852,美妆个护-商品0852,美妆个护,SUP033,68.68,0.38,2025-02-11,20,0.4,0.1,200,55
SKU00853,美妆个护-商品0853,美妆个护,SUP050,63.48,0.28,2025-05-28,20,0.4,0.1,500,42
SKU00854,美妆个护-商品0854,美妆个护,SUP026,69.6,0.44,2025-12-19,20,0.4,0.1,50,55
SKU00855,美妆个护-商品0855,美妆个护,SUP035,52.51,0.23,2025-07-03,20,0.4,0.1,100,32
SKU00856,美妆个护-商品0856,美妆个护,SUP020,81.03,0.29,2024-03-26,20,0.4,0.1,50,47
SKU00857,美妆个护-商品0857,美妆个护,SUP010,25.71,0.36,2024-07-27,20,0.4,0.1,200,40
SKU00858,美妆个护-商品0858,美妆个护,SUP041,45.6,0.29,2025-08-23,20,0.4,0.1,50,34
SKU00859,美妆个护-商品0859,美妆个护,SUP028,61.78,0.31,2025-12-16,20,0.4,0.1,100,18
SKU00860,美妆个护-商品0860,美妆个护,SUP006,70.5,0.27,2024-09-07,20,0.4,0.1,500,22
SKU00861,美妆个护-商品0861,美妆个护,SUP040,65.82,0.28,2025-04-09,20,0.4,0.1,50,34
SKU00862,美妆个护-商品0862,美妆个护,SUP048,71.23,0.35,2025-11-13,20,0.4,0.1,100,22
SKU00863,美妆个护-商品0863,美妆个护,SUP046,39.64,0.38,2024-01-13,20,0.4,0.1,100,15
SKU00864,美妆个护-商品0864,美妆个护,SUP032,45.59,0.36,2024-06-16,20,0.4,0.1,200,48
SKU00865,美妆个护-商品0865,美妆个护,SUP047,62.54,0.44,2025-06-13,20,0.4,0.1,200,25
SKU00866,美妆个护-商品0866,美妆个护,SUP009,50.86,0.27,2025-01-15,20,0.4,0.1,200,22
SKU00867,美妆个护-商品0867,美妆个护,SUP022,54.63,0.28,2024-01-31,20,0.4,0.1,500,32
SKU00868,美妆个护-商品0868,美妆个护,SUP005,72.77,0.18,2025-06-20,20,0.4,0.1,200,51
SKU00869,美妆个护-商品0869,美妆个护,SUP005,38.04,0.22,2025-10-04,20,0.4,0.1,500,44
SKU00870,美妆个护-商品0870,美妆个护,SUP024,76.7,0.43,2025-06-07,20,0.4,0.1,50,46
SKU00871,美妆个护-商品0871,美妆个护,SUP011,53.03,0.29,2025-08-03,20,0.4,0.1,200,25
SKU00872,美妆个护-商品0872,美妆个护,SUP050,56.37,0.39,2024-09-18,20,0.4,0.1,50,51
SKU00873,美妆个护-商品0873,美妆个护,SUP047,39.76,0.32,2025-11-21,20,0.4,0.1,50,29
SKU00874,美妆个护-商品0874,美妆个护,SUP001,77.37,0.34,2025-06-05,20,0.4,0.1,50,15
SKU00875,美妆个护-商品0875,美妆个护,SUP003,58.77,0.38,2024-09-07,20,0.4,0.1,500,38
SKU00876,美妆个护-商品0876,美妆个护,SUP010,21.35,0.35,2025-01-27,20,0.4,0.1,100,17
SKU00877,美妆个护-商品0877,美妆个护,SUP046,43.75,0.16,2025-07-20,20,0.4,0.1,500,29
SKU00878,美妆个护-商品0878,美妆个护,SUP016,65.78,0.4,2024-11-25,20,0.4,0.1,500,35
SKU00879,美妆个护-商品0879,美妆个护,SUP005,52.42,0.37,2024-10-04,20,0.4,0.1,200,22
SKU00880,美妆个护-商品0880,美妆个护,SUP044,96.7,0.4,2025-05-29,20,0.4,0.1,50,26
SKU00881,美妆个护-商品0881,美妆个护,SUP034,97.64,0.36,2024-08-16,20,0.4,0.1,50,40
SKU00882,美妆个护-商品0882,美妆个护,SUP030,56.47,0.18,2024-03-11,20,0.4,0.1,200,34
SKU00883,美妆个护-商品0883,美妆个护,SUP006,50.46,0.24,2024-12-01,20,0.4,0.1,500,15
SKU00884,美妆个护-商品0884,美妆个护,SUP013,117.59,0.29,2025-01-12,20,0.4,0.1,200,51
SKU00885,美妆个护-商品0885,美妆个护,SUP048,57.42,0.34,2024-11-07,20,0.4,0.1,100,44
SKU00886,美妆个护-商品0886,美妆个护,SUP038,55.85,0.43,2025-01-12,20,0.4,0.1,500,27
SKU00887,美妆个护-商品0887,美妆个护,SUP049,44.23,0.31,2025-07-13,20,0.4,0.1,100,24
SKU00888,美妆个护-商品0888,美妆个护,SUP027,42.41,0.2,2024-01-07,20,0.4,0.1,50,29
SKU00889,美妆个护-商品0889,美妆个护,SUP023,44.4,0.3,2025-07-08,20,0.4,0.1,50,36
SKU00890,美妆个护-商品0890,美妆个护,SUP049,47.33,0.25,2024-01-02,20,0.4,0.1,500,34
SKU00891,美妆个护-商品0891,美妆个护,SUP014,33.62,0.29,2024-04-16,20,0.4,0.1,100,41
SKU00892,美妆个护-商品0892,美妆个护,SUP004,32.48,0.36,2025-05-18,20,0.4,0.1,100,32
SKU00893,美妆个护-商品0893,美妆个护,SUP003,56.61,0.19,2024-04-05,20,0.4,0.1,100,48
SKU00894,美妆个护-商品0894,美妆个护,SUP045,49.36,0.24,2025-02-26,20,0.4,0.1,200,44
SKU00895,美妆个护-商品0895,美妆个护,SUP038,61.5,0.4,2024-03-27,20,0.4,0.1,50,47
SKU00896,美妆个护-商品0896,美妆个护,SUP041,28.53,0.31,2024-05-16,20,0.4,0.1,500,19
SKU00897,美妆个护-商品0897,美妆个护,SUP037,52.0,0.35,2025-08-29,20,0.4,0.1,50,42
SKU00898,美妆个护-商品0898,美妆个护,SUP009,59.26,0.24,2025-11-09,20,0.4,0.1,100,33
SKU00899,美妆个护-商品0899,美妆个护,SUP021,49.19,0.24,2024-09-24,20,0.4,0.1,500,35
SKU00900,美妆个护-商品0900,美妆个护,SUP029,80.15,0.3,2024-11-21,20,0.4,0.1,200,29
SKU00901,美妆个护-商品0901,美妆个护,SUP013,106.99,0.3,2024-03-17,20,0.4,0.1,100,52
SKU00902,美妆个护-商品0902,美妆个护,SUP010,42.92,0.19,2024-04-21,20,0.4,0.1,50,25
SKU00903,美妆个护-商品0903,美妆个护,SUP030,29.26,0.18,2025-04-05,20,0.4,0.1,200,41
SKU00904,美妆个护-商品0904,美妆个护,SUP035,60.39,0.34,2024-05-03,20,0.4,0.1,200,28
SKU00905,美妆个护-商品0905,美妆个护,SUP020,31.62,0.37,2025-04-07,20,0.4,0.1,500,31
SKU00906,美妆个护-商品0906,美妆个护,SUP006,46.44,0.31,2024-05-02,20,0.4,0.1,100,34
SKU00907,美妆个护-商品0907,美妆个护,SUP039,96.7,0.37,2025-12-14,20,0.4,0.1,50,28
SKU00908,美妆个护-商品0908,美妆个护,SUP010,50.07,0.23,2024-12-01,20,0.4,0.1,50,30
SKU00909,美妆个护-商品0909,美妆个护,SUP026,25.9,0.25,2024-12-30,20,0.4,0.1,50,34
SKU00910,美妆个护-商品0910,美妆个护,SUP012,51.08,0.23,2024-09-23,20,0.4,0.1,50,40
SKU00911,美妆个护-商品0911,美妆个护,SUP036,52.53,0.31,2025-04-08,20,0.4,0.1,100,21
SKU00912,美妆个护-商品0912,美妆个护,SUP007,50.84,0.25,2025-04-18,20,0.4,0.1,100,22
SKU00913,美妆个护-商品0913,美妆个护,SUP004,58.34,0.33,2024-01-13,20,0.4,0.1,100,23
SKU00914,美妆个护-商品0914,美妆个护,SUP026,37.55,0.41,2024-07-21,20,0.4,0.1,200,55
SKU00915,美妆个护-商品0915,美妆个护,SUP006,53.13,0.3,2025-10-22,20,0.4,0.1,200,19
SKU00916,美妆个护-商品0916,美妆个护,SUP005,70.47,0.32,2024-01-23,20,0.4,0.1,100,43
SKU00917,美妆个护-商品0917,美妆个护,SUP006,76.78,0.32,2024-05-11,20,0.4,0.1,200,22
SKU00918,美妆个护-商品0918,美妆个护,SUP030,44.39,0.33,2024-02-13,20,0.4,0.1,50,25
SKU00919,美妆个护-商品0919,美妆个护,SUP028,36.86,0.31,2025-08-10,20,0.4,0.1,500,46
SKU00920,美妆个护-商品0920,美妆个护,SUP025,54.36,0.28,2024-01-31,20,0.4,0.1,500,26
SKU00921,美妆个护-商品0921,美妆个护,SUP014,52.58,0.16,2024-12-28,20,0.4,0.1,100,32
SKU00922,美妆个护-商品0922,美妆个护,SUP029,45.39,0.31,2024-10-13,20,0.4,0.1,100,17
SKU00923,美妆个护-商品0923,美妆个护,SUP040,58.16,0.22,2025-09-20,20,0.4,0.1,100,33
SKU00924,美妆个护-商品0924,美妆个护,SUP027,85.66,0.24,2025-05-25,20,0.4,0.1,500,18
SKU00925,美妆个护-商品0925,美妆个护,SUP018,77.22,0.33,2024-03-30,20,0.4,0.1,500,23
SKU00926,美妆个护-商品0926,美妆个护,SUP013,43.87,0.43,2025-03-05,20,0.4,0.1,100,55
SKU00927,美妆个护-商品0927,美妆个护,SUP002,36.22,0.37,2025-07-10,20,0.4,0.1,500,37
SKU00928,美妆个护-商品0928,美妆个护,SUP035,78.06,0.25,2025-05-06,20,0.4,0.1,500,37
SKU00929,美妆个护-商品0929,美妆个护,SUP033,89.54,0.28,2025-08-02,20,0.4,0.1,200,39
SKU00930,美妆个护-商品0930,美妆个护,SUP012,60.85,0.32,2024-10-03,20,0.4,0.1,50,35
SKU00931,美妆个护-商品0931,美妆个护,SUP015,52.47,0.36,2025-09-03,20,0.4,0.1,50,32
SKU00932,美妆个护-商品0932,美妆个护,SUP031,72.61,0.17,2024-02-29,20,0.4,0.1,200,52
SKU00933,美妆个护-商品0933,美妆个护,SUP011,86.82,0.18,2024-08-26,20,0.4,0.1,50,30
SKU00934,美妆个护-商品0934,美妆个护,SUP016,78.94,0.38,2025-11-03,20,0.4,0.1,200,49
SKU00935,美妆个护-商品0935,美妆个护,SUP049,37.54,0.27,2024-02-27,20,0.4,0.1,100,51
SKU00936,美妆个护-商品0936,美妆个护,SUP023,37.35,0.28,2025-02-01,20,0.4,0.1,100,26
SKU00937,美妆个护-商品0937,美妆个护,SUP038,49.38,0.36,2024-08-30,20,0.4,0.1,200,37
SKU00938,美妆个护-商品0938,美妆个护,SUP002,87.0,0.4,2025-08-28,20,0.4,0.1,200,51
SKU00939,美妆个护-商品0939,美妆个护,SUP010,45.18,0.28,2025-07-31,20,0.4,0.1,100,46
SKU00940,美妆个护-商品0940,美妆个护,SUP020,30.51,0.24,2025-07-09,20,0.4,0.1,100,46
SKU00941,运动户外-商品0941,运动户外,SUP006,112.14,2.81,2024-02-08,15,0.6,0.12,50,29
SKU00942,运动户外-商品0942,运动户外,SUP015,51.94,1.7,2025-09-08,15,0.6,0.12,50,48
SKU00943,运动户外-商品0943,运动户外,SUP001,79.26,2.14,2025-05-04,15,0.6,0.12,200,54
SKU00944,运动户外-商品0944,运动户外,SUP009,60.26,2.21,2024-07-25,15,0.6,0.12,200,26
SKU00945,运动户外-商品0945,运动户外,SUP004,67.77,1.99,2024-11-27,15,0.6,0.12,50,24
SKU00946,运动户外-商品0946,运动户外,SUP046,96.86,2.0,2025-08-23,15,0.6,0.12,100,22
SKU00947,运动户外-商品0947,运动户外,SUP024,68.67,1.95,2025-06-22,15,0.6,0.12,50,38
SKU00948,运动户外-商品0948,运动户外,SUP026,77.56,1.81,2025-11-09,15,0.6,0.12,50,36
SKU00949,运动户外-商品0949,运动户外,SUP021,73.07,2.8,2024-11-05,15,0.6,0.12,100,25
SKU00950,运动户外-商品0950,运动户外,SUP041,97.35,1.85,2025-03-23,15,0.6,0.12,500,35
SKU00951,运动户外-商品0951,运动户外,SUP046,102.1,1.83,2024-06-27,15,0.6,0.12,200,29
SKU00952,运动户外-商品0952,运动户外,SUP038,120.62,2.18,2025-11-12,15,0.6,0.12,100,39
SKU00953,运动户外-商品0953,运动户外,SUP047,77.05,2.22,2024-11-10,15,0.6,0.12,200,23
SKU00954,运动户外-商品0954,运动户外,SUP047,46.16,1.44,2024-06-30,15,0.6,0.12,50,51
SKU00955,运动户外-商品0955,运动户外,SUP050,52.68,2.07,2025-02-04,15,0.6,0.12,50,26
SKU00956,运动户外-商品0956,运动户外,SUP021,146.7,3.12,2025-09-08,15,0.6,0.12,100,55
SKU00957,运动户外-商品0957,运动户外,SUP007,100.02,2.25,2025-08-02,15,0.6,0.12,500,24
SKU00958,运动户外-商品0958,运动户外,SUP048,42.59,1.73,2024-12-05,15,0.6,0.12,50,30
SKU00959,运动户外-商品0959,运动户外,SUP021,60.72,1.69,2024-12-21,15,0.6,0.12,100,55
SKU00960,运动户外-商品0960,运动户外,SUP046,75.43,1.76,2024-03-31,15,0.6,0.12,200,43
SKU00961,运动户外-商品0961,运动户外,SUP017,40.02,2.37,2024-01-12,15,0.6,0.12,100,30
SKU00962,运动户外-商品0962,运动户外,SUP005,54.96,2.12,2025-12-10,15,0.6,0.12,200,31
SKU00963,运动户外-商品0963,运动户外,SUP047,165.33,1.54,2024-04-20,15,0.6,0.12,50,18
SKU00964,运动户外-商品0964,运动户外,SUP029,33.0,1.86,2025-01-30,15,0.6,0.12,500,25
SKU00965,运动户外-商品0965,运动户外,SUP032,117.61,2.98,2025-02-27,15,0.6,0.12,500,37
SKU00966,运动户外-商品0966,运动户外,SUP025,52.02,2.25,2025-07-13,15,0.6,0.12,50,45
SKU00967,运动户外-商品0967,运动户外,SUP042,67.98,1.95,2025-08-14,15,0.6,0.12,100,25
SKU00968,运动户外-商品0968,运动户外,SUP005,201.85,1.25,2025-04-07,15,0.6,0.12,50,33
SKU00969,运动户外-商品0969,运动户外,SUP021,87.43,2.23,2024-01-21,15,0.6,0.12,200,21
SKU00970,运动户外-商品0970,运动户外,SUP022,116.99,2.05,2024-03-16,15,0.6,0.12,100,39
SKU00971,运动户外-商品0971,运动户外,SUP047,89.11,1.8,2024-06-13,15,0.6,0.12,50,50
SKU00972,运动户外-商品0972,运动户外,SUP022,87.9,1.83,2024-04-05,15,0.6,0.12,500,16
SKU00973,运动户外-商品0973,运动户外,SUP042,99.44,1.82,2025-03-17,15,0.6,0.12,100,53
SKU00974,运动户外-商品0974,运动户外,SUP011,91.29,1.99,2025-03-20,15,0.6,0.12,50,21
SKU00975,运动户外-商品0975,运动户外,SUP014,118.65,1.97,2024-12-05,15,0.6,0.12,100,41
SKU00976,运动户外-商品0976,运动户外,SUP036,43.01,2.63,2025-12-14,15,0.6,0.12,200,33
SKU00977,运动户外-商品0977,运动户外,SUP016,58.27,1.67,2024-10-31,15,0.6,0.12,50,18
SKU00978,运动户外-商品0978,运动户外,SUP037,64.95,2.69,2025-02-06,15,0.6,0.12,500,24
SKU00979,运动户外-商品0979,运动户外,SUP024,37.88,3.57,2024-02-25,15,0.6,0.12,50,42
SKU00980,运动户外-商品0980,运动户外,SUP019,115.77,2.11,2024-03-30,15,0.6,0.12,500,27
SKU00981,运动户外-商品0981,运动户外,SUP002,78.48,2.14,2024-04-09,15,0.6,0.12,100,25
SKU00982,运动户外-商品0982,运动户外,SUP019,96.01,2.32,2025-10-15,15,0.6,0.12,50,45
SKU00983,运动户外-商品0983,运动户外,SUP020,97.17,2.04,2024-04-28,15,0.6,0.12,500,45
SKU00984,运动户外-商品0984,运动户外,SUP043,74.66,1.92,2025-05-15,15,0.6,0.12,200,20
SKU00985,运动户外-商品0985,运动户外,SUP035,74.72,2.57,2025-10-19,15,0.6,0.12,500,26
SKU00986,运动户外-商品0986,运动户外,SUP025,98.47,0.53,2025-01-14,15,0.6,0.12,200,26
SKU00987,运动户外-商品0987,运动户外,SUP003,100.64,2.1,2025-04-01,15,0.6,0.12,200,43
SKU00988,运动户外-商品0988,运动户外,SUP017,79.48,1.81,2025-04-21,15,0.6,0.12,100,32
SKU00989,运动户外-商品0989,运动户外,SUP004,118.57,2.47,2025-07-31,15,0.6,0.12,100,21
SKU00990,运动户外-商品0990,运动户外,SUP043,61.04,2.2,2024-03-28,15,0.6,0.12,200,49
SKU00991,运动户外-商品0991,运动户外,SUP049,56.94,1.31,2025-02-27,15,0.6,0.12,100,50
SKU00992,运动户外-商品0992,运动户外,SUP025,64.24,2.43,2024-03-03,15,0.6,0.12,500,49
SKU00993,运动户外-商品0993,运动户外,SUP031,111.68,2.26,2025-12-04,15,0.6,0.12,100,45
SKU00994,运动户外-商品0994,运动户外,SUP006,103.11,2.26,2024-11-02,15,0.6,0.12,500,17
SKU00995,运动户外-商品0995,运动户外,SUP037,63.91,2.22,2025-05-29,15,0.6,0.12,100,22
SKU00996,运动户外-商品0996,运动户外,SUP012,105.87,2.38,2025-04-04,15,0.6,0.12,100,28
SKU00997,运动户外-商品0997,运动户外,SUP009,121.29,2.35,2024-07-16,15,0.6,0.12,50,42
SKU00998,运动户外-商品0998,运动户外,SUP044,90.47,2.54,2024-03-21,15,0.6,0.12,500,27
SKU00999,运动户外-商品0999,运动户外,SUP010,79.26,1.56,2025-10-04,15,0.6,0.12,200,35
SKU01000,运动户外-商品1000,运动户外,SUP006,75.56,1.63,2024-03-09,15,0.6,0.12,500,50
